Crude_Petro_monthly,Crude_Dubai_monthly,NaturalGas_US_monthly,Soybeans_monthly,Maize_monthly,Wheat_US_HRW_monthly,Urea_monthly,Date,Crude_Petro_historical,Crude_Dubai_historical,Soybeans_historical,Maize_historical,Wheat_US_HRW_historical,NaturalGas_US_historical,Urea_historical
1.63000011444092,1.63000011444092,0.14,94.0,45.0,59.89,42.25,1960-01-01,1.63000011444092,,,,,0.14,0.404773996354686
1.63000011444092,1.63000011444092,0.14,91.0,44.0,60.99,42.25,1960-02-01,1.63000011444092,,,,,0.14,0.404773996354686
1.63000011444092,1.63000011444092,0.14,92.0,45.0,61.73,42.25,1960-03-01,1.63000011444092,,,,,0.14,0.404773996354686
1.63000011444092,1.63000011444092,0.14,93.0,45.0,60.99,42.25,1960-04-01,1.63000011444092,,,,,0.14,0.404773996354686
1.63000011444092,1.63000011444092,0.14,93.0,48.0,57.69,42.25,1960-05-01,1.63000011444092,,,,,0.14,0.404773996354686
1.63000011444092,1.63000011444092,0.14,91.0,47.0,55.48,42.25,1960-06-01,1.63000011444092,,,,,0.14,0.404773996354686
1.63000011444092,1.63000011444092,0.14,92.0,47.0,54.75,42.25,1960-07-01,1.63000011444092,,,,,0.14,0.404773996354686
1.63000011444092,1.63000011444092,0.14,93.0,47.0,55.12,42.25,1960-08-01,1.63000011444092,,,,,0.14,0.404773996354686
1.63000011444092,1.63000011444092,0.14,92.0,46.0,56.59,42.25,1960-09-01,1.63000011444092,,,,,0.14,0.404773996354686
1.63000011444092,1.63000011444092,0.14,88.0,42.0,56.95,42.25,1960-10-01,1.63000011444092,,,,,0.14,0.404773996354686
1.63000011444092,1.63000011444092,0.14,90.0,38.0,57.69,42.25,1960-11-01,1.63000011444092,,,,,0.14,0.404773996354686
1.63000011444092,1.63000011444092,0.14,93.0,40.0,58.05,42.25,1960-12-01,1.63000011444092,,,,,0.14,0.404773996354686
1.57,1.57,0.15,102.0,43.0,58.79,42.25,1961-01-01,1.57,,,,,0.15,0.404773996354686
1.57,1.57,0.15,114.0,44.0,59.16,42.25,1961-02-01,1.57,,,,,0.15,0.404773996354686
1.57,1.57,0.15,121.0,44.0,58.05,42.25,1961-03-01,1.57,,,,,0.15,0.404773996354686
1.57,1.57,0.15,129.0,43.0,57.32,42.25,1961-04-01,1.57,,,,,0.15,0.404773996354686
1.57,1.57,0.15,122.0,45.0,55.85,42.25,1961-05-01,1.57,,,,,0.15,0.404773996354686
1.57,1.57,0.15,114.0,44.0,54.38,42.25,1961-06-01,1.57,,,,,0.15,0.404773996354686
1.57,1.57,0.15,112.0,45.0,56.59,42.25,1961-07-01,1.57,,,,,0.15,0.404773996354686
1.57,1.57,0.15,101.0,44.0,58.79,42.25,1961-08-01,1.57,,,,,0.15,0.404773996354686
1.57,1.57,0.15,98.0,43.0,59.89,42.25,1961-09-01,1.57,,,,,0.15,0.404773996354686
1.57,1.57,0.15,98.0,47.64,60.26,42.25,1961-10-01,1.57,,,,,0.15,0.404773996354686
1.57,1.57,0.15,100.0,48.42,61.73,42.25,1961-11-01,1.57,,,,,0.15,0.404773996354686
1.57,1.57,0.15,101.0,48.42,62.46,42.25,1961-12-01,1.57,,,,,0.15,0.404773996354686
1.52,1.52,0.16,101.41,48.03,60.63,42.25,1962-01-01,1.52,,,,,0.16,0.404773996354686
1.52,1.52,0.16,100.59,48.03,61.36,42.25,1962-02-01,1.52,,,,,0.16,0.404773996354686
1.52,1.52,0.16,102.79,48.82,61.73,42.25,1962-03-01,1.52,,,,,0.16,0.404773996354686
1.52,1.52,0.16,104.44,48.82,62.1,42.25,1962-04-01,1.52,,,,,0.16,0.404773996354686
1.52,1.52,0.16,103.62,49.6,63.57,42.25,1962-05-01,1.52,,,,,0.16,0.404773996354686
1.52,1.52,0.16,102.24,49.6,64.3,42.25,1962-06-01,1.52,,,,,0.16,0.404773996354686
1.52,1.52,0.16,100.86,48.82,65.4,42.25,1962-07-01,1.52,,,,,0.16,0.404773996354686
1.52,1.52,0.16,95.35,47.24,66.51,42.25,1962-08-01,1.52,,,,,0.16,0.404773996354686
1.52,1.52,0.16,95.35,47.64,65.77,42.25,1962-09-01,1.52,,,,,0.16,0.404773996354686
1.52,1.52,0.16,97.0,47.64,64.3,42.25,1962-10-01,1.52,,,,,0.16,0.404773996354686
1.52,1.52,0.16,100.59,48.42,68.71,42.25,1962-11-01,1.52,,,,,0.16,0.404773996354686
1.52,1.52,0.16,102.24,51.18,67.61,42.25,1962-12-01,1.52,,,,,0.16,0.404773996354686
1.5,1.5,0.16,107.47,52.75,67.24,42.25,1963-01-01,1.5,,,,,0.16,0.391351137946851
1.5,1.5,0.16,109.96,53.15,68.34,42.25,1963-02-01,1.5,,,,,0.16,0.391351137946851
1.5,1.5,0.16,109.13,52.36,69.45,42.25,1963-03-01,1.5,,,,,0.16,0.391351137946851
1.5,1.5,0.16,107.2,51.97,70.92,42.25,1963-04-01,1.5,,,,,0.16,0.391351137946851
1.5,1.5,0.16,109.13,52.36,67.61,42.25,1963-05-01,1.5,,,,,0.16,0.391351137946851
1.5,1.5,0.16,108.3,55.51,58.42,42.25,1963-06-01,1.5,,,,,0.16,0.391351137946851
1.5,1.5,0.16,108.58,56.69,57.69,42.25,1963-07-01,1.5,,,,,0.16,0.391351137946851
1.5,1.5,0.16,105.82,55.51,58.42,42.25,1963-08-01,1.5,,,,,0.16,0.391351137946851
1.5,1.5,0.16,108.58,55.9,60.63,42.25,1963-09-01,1.5,,,,,0.16,0.391351137946851
1.5,1.5,0.16,116.84,53.15,65.04,42.25,1963-10-01,1.5,,,,,0.16,0.391351137946851
1.5,1.5,0.16,116.02,52.36,65.04,42.25,1963-11-01,1.5,,,,,0.16,0.391351137946851
1.5,1.5,0.16,114.09,53.54,65.04,42.25,1963-12-01,1.5,,,,,0.16,0.391351137946851
1.45,1.45,0.15,116.84,55.12,64.04,60.5,1964-01-01,1.45,,,,,0.15,0.384149802358895
1.45,1.45,0.15,112.71,52.75,66.14,60.5,1964-02-01,1.45,,,,,0.15,0.384149802358895
1.45,1.45,0.15,110.51,54.33,66.87,60.5,1964-03-01,1.45,,,,,0.15,0.384149802358895
1.45,1.45,0.15,106.65,55.51,67.61,60.5,1964-04-01,1.45,,,,,0.15,0.384149802358895
1.45,1.45,0.15,104.72,55.9,69.45,60.5,1964-05-01,1.45,,,,,0.15,0.384149802358895
1.45,1.45,0.15,104.44,56.3,65.04,60.5,1964-06-01,1.45,,,,,0.15,0.384149802358895
1.45,1.45,0.15,102.24,55.9,68.71,60.5,1964-07-01,1.45,,,,,0.15,0.384149802358895
1.45,1.45,0.15,104.44,54.72,68.71,60.5,1964-08-01,1.45,,,,,0.15,0.384149802358895
1.45,1.45,0.15,109.96,55.12,69.08,60.5,1964-09-01,1.45,,,,,0.15,0.384149802358895
1.45,1.45,0.15,114.09,52.8,68.71,60.5,1964-10-01,1.45,,,,,0.15,0.384149802358895
1.45,1.45,0.15,117.67,52.8,67.98,60.5,1964-11-01,1.45,,,,,0.15,0.384149802358895
1.45,1.45,0.15,121.8,54.33,67.98,60.5,1964-12-01,1.45,,,,,0.15,0.384149802358895
1.42,1.42,0.16,123.46,55.9,66.14,65.75,1965-01-01,1.42,,,,,0.16,0.410766105215669
1.42,1.42,0.16,128.42,56.69,61.36,65.75,1965-02-01,1.42,,,,,0.16,0.410766105215669
1.42,1.42,0.16,124.84,57.08,60.99,65.75,1965-03-01,1.42,,,,,0.16,0.410766105215669
1.42,1.42,0.16,123.46,57.48,59.89,65.75,1965-04-01,1.42,,,,,0.16,0.410766105215669
1.42,1.42,0.16,118.5,58.66,59.16,65.75,1965-05-01,1.42,,,,,0.16,0.410766105215669
1.42,1.42,0.16,122.08,58.26,58.05,65.75,1965-06-01,1.42,,,,,0.16,0.410766105215669
1.42,1.42,0.16,119.88,56.69,57.32,65.75,1965-07-01,1.42,,,,,0.16,0.410766105215669
1.42,1.42,0.16,110.78,55.12,57.69,65.75,1965-08-01,1.42,,,,,0.16,0.410766105215669
1.42,1.42,0.16,106.1,53.93,58.42,65.75,1965-09-01,1.42,,,,,0.16,0.410766105215669
1.42,1.42,0.16,104.44,51.57,58.05,65.75,1965-10-01,1.42,,,,,0.16,0.410766105215669
1.42,1.42,0.16,107.47,51.57,58.05,65.75,1965-11-01,1.42,,,,,0.16,0.410766105215669
1.42,1.42,0.16,112.99,55.12,58.42,65.75,1965-12-01,1.42,,,,,0.16,0.410766105215669
1.36,1.36,0.16,119.6,57.08,58.42,59.25,1966-01-01,1.36,,,,,0.16,0.424928665138044
1.36,1.36,0.16,121.8,57.08,58.79,59.25,1966-02-01,1.36,,,,,0.16,0.424928665138044
1.36,1.36,0.16,119.88,55.51,58.79,59.25,1966-03-01,1.36,,,,,0.16,0.424928665138044
1.36,1.36,0.16,122.08,55.9,58.79,59.25,1966-04-01,1.36,,,,,0.16,0.424928665138044
1.36,1.36,0.16,124.84,55.12,58.79,59.25,1966-05-01,1.36,,,,,0.16,0.424928665138044
1.36,1.36,0.16,130.62,57.08,62.1,59.25,1966-06-01,1.36,,,,,0.16,0.424928665138044
1.36,1.36,0.16,138.89,59.05,65.4,59.25,1966-07-01,1.36,,,,,0.16,0.424928665138044
1.36,1.36,0.16,140.27,62.6,67.61,59.25,1966-08-01,1.36,,,,,0.16,0.424928665138044
1.36,1.36,0.16,127.59,61.02,67.24,59.25,1966-09-01,1.36,,,,,0.16,0.424928665138044
1.36,1.36,0.16,120.15,58.66,66.14,59.25,1966-10-01,1.36,,,,,0.16,0.424928665138044
1.36,1.36,0.16,121.25,59.05,65.77,59.25,1966-11-01,1.36,,,,,0.16,0.424928665138044
1.36,1.36,0.16,120.98,61.41,67.61,59.25,1966-12-01,1.36,,,,,0.16,0.424928665138044
1.33,1.33,0.16,117.4,60.23,67.24,49.25,1967-01-01,1.33,,,,,0.16,0.45664737627884
1.33,1.33,0.16,116.84,59.05,67.98,49.25,1967-02-01,1.33,,,,,0.16,0.45664737627884
1.33,1.33,0.16,115.74,59.05,69.81,49.25,1967-03-01,1.33,,,,,0.16,0.45664737627884
1.33,1.33,0.16,116.29,57.87,68.34,49.25,1967-04-01,1.33,,,,,0.16,0.45664737627884
1.33,1.33,0.16,116.29,57.08,68.34,49.25,1967-05-01,1.33,,,,,0.16,0.45664737627884
1.33,1.33,0.16,117.4,57.08,66.51,49.25,1967-06-01,1.33,,,,,0.16,0.45664737627884
1.33,1.33,0.16,115.19,55.12,64.67,49.25,1967-07-01,1.33,,,,,0.16,0.45664737627884
1.33,1.33,0.16,111.13,51.97,63.93,49.25,1967-08-01,1.33,,,,,0.16,0.45664737627884
1.33,1.33,0.16,111.06,49.21,63.2,49.25,1967-09-01,1.33,,,,,0.16,0.45664737627884
1.33,1.33,0.16,109.96,48.03,63.57,49.25,1967-10-01,1.33,,,,,0.16,0.45664737627884
1.33,1.33,0.16,116.02,47.64,62.83,49.25,1967-11-01,1.33,,,,,0.16,0.45664737627884
1.33,1.33,0.16,113.38,46.9,62.1,49.25,1967-12-01,1.33,,,,,0.16,0.45664737627884
1.32,1.32,0.16,114.09,51.57,62.1,35.5,1968-01-01,1.32,,,,,0.16,0.451801877372704
1.32,1.32,0.16,114.56,51.18,62.83,35.5,1968-02-01,1.32,,,,,0.16,0.451801877372704
1.32,1.32,0.16,115.51,50.0,63.57,35.5,1968-03-01,1.32,,,,,0.16,0.451801877372704
1.32,1.32,0.16,113.14,48.03,61.73,35.5,1968-04-01,1.32,,,,,0.16,0.451801877372704
1.32,1.32,0.16,114.32,48.42,60.26,35.5,1968-05-01,1.32,,,,,0.16,0.451801877372704
1.32,1.32,0.16,111.96,47.64,61.73,35.5,1968-06-01,1.32,,,,,0.16,0.451801877372704
1.32,1.32,0.16,110.78,47.24,63.57,35.5,1968-07-01,1.32,,,,,0.16,0.451801877372704
1.32,1.32,0.16,105.82,44.88,63.93,35.5,1968-08-01,1.32,,,,,0.16,0.451801877372704
1.32,1.32,0.16,105.35,44.09,63.57,35.5,1968-09-01,1.32,,,,,0.16,0.451801877372704
1.32,1.32,0.16,104.17,44.88,63.57,35.5,1968-10-01,1.32,,,,,0.16,0.451801877372704
1.32,1.32,0.16,108.89,49.21,63.2,35.5,1968-11-01,1.32,,,,,0.16,0.451801877372704
1.32,1.32,0.16,111.02,48.42,63.2,35.5,1968-12-01,1.32,,,,,0.16,0.451801877372704
1.27,1.27,0.17,111.49,50.39,63.2,26.6,1969-01-01,1.27,,,,,0.17,0.451819918235582
1.27,1.27,0.17,109.36,50.39,62.83,26.6,1969-02-01,1.27,,,,,0.17,0.451819918235582
1.27,1.27,0.17,110.55,50.39,62.1,26.6,1969-03-01,1.27,,,,,0.17,0.451819918235582
1.27,1.27,0.17,110.07,51.57,62.1,26.6,1969-04-01,1.27,,,,,0.17,0.451819918235582
1.27,1.27,0.17,112.44,54.33,62.1,26.6,1969-05-01,1.27,,,,,0.17,0.451819918235582
1.27,1.27,0.17,109.6,54.33,61.73,26.6,1969-06-01,1.27,,,,,0.17,0.451819918235582
1.27,1.27,0.17,101.57,53.93,60.26,26.6,1969-07-01,1.27,,,,,0.17,0.451819918235582
1.27,1.27,0.17,99.21,53.54,56.22,26.6,1969-08-01,1.27,,,,,0.17,0.451819918235582
1.27,1.27,0.17,100.86,51.18,53.65,26.6,1969-09-01,1.27,,,,,0.17,0.451819918235582
1.27,1.27,0.17,102.99,51.87,52.18,26.6,1969-10-01,1.27,,,,,0.17,0.451819918235582
1.27,1.27,0.17,106.53,53.16,52.18,26.6,1969-11-01,1.27,,,,,0.17,0.451819918235582
1.27,1.27,0.17,106.29,52.36,52.18,26.6,1969-12-01,1.27,,,,,0.17,0.451819918235582
1.21,1.21,0.17,107.0,58.4,52.18,18.25,1970-01-01,1.21,,,7.8,,0.17,0.447218010136736
1.21,1.21,0.17,110.0,58.4,52.18,18.25,1970-02-01,1.21,,,7.8,,0.17,0.447218010136736
1.21,1.21,0.17,111.0,58.4,52.18,18.25,1970-03-01,1.21,,,7.8,,0.17,0.447218010136736
1.21,1.21,0.17,112.0,58.4,52.18,18.25,1970-04-01,1.21,,,7.8,,0.17,0.447218010136736
1.21,1.21,0.17,115.0,58.4,52.18,18.25,1970-05-01,1.21,,,7.8,,0.17,0.447218010136736
1.21,1.21,0.17,118.0,58.4,52.18,18.25,1970-06-01,1.21,,,7.8,,0.17,0.447218010136736
1.21,1.21,0.17,122.0,58.4,52.54,18.25,1970-07-01,1.21,,,7.8,,0.17,0.447218010136736
1.21,1.21,0.17,120.0,58.4,54.01,18.25,1970-08-01,1.21,,,7.8,,0.17,0.447218010136736
1.21,1.21,0.17,119.0,58.4,56.22,18.25,1970-09-01,1.21,,,7.8,,0.17,0.447218010136736
1.21,1.21,0.17,123.0,58.4,58.79,18.25,1970-10-01,1.21,,,7.8,,0.17,0.447218010136736
1.21,1.21,0.17,125.0,58.4,60.99,18.25,1970-11-01,1.21,,,7.8,,0.17,0.447218010136736
1.21,1.21,0.17,121.0,58.4,63.2,18.25,1970-12-01,1.21,,,7.8,,0.17,0.447218010136736
1.64,1.64,0.18,125.0,58.4,63.57,16.0,1971-01-01,1.64,,,8.68,,0.18,0.502243543789966
1.64,1.64,0.18,125.0,58.4,63.57,16.0,1971-02-01,1.64,,,8.68,,0.18,0.502243543789966
1.64,1.64,0.18,124.0,58.4,62.83,16.0,1971-03-01,1.64,,,8.68,,0.18,0.502243543789966
1.64,1.64,0.18,119.0,58.4,62.46,16.0,1971-04-01,1.64,,,8.68,,0.18,0.502243543789966
1.64,1.64,0.18,122.0,58.4,63.2,16.0,1971-05-01,1.64,,,8.68,,0.18,0.502243543789966
1.64,1.64,0.18,127.0,58.4,61.36,16.0,1971-06-01,1.64,,,8.68,,0.18,0.502243543789966
1.74,1.74,0.18,134.0,58.4,61.36,16.0,1971-07-01,1.74,,,8.68,,0.18,0.502243543789966
1.74,1.74,0.18,131.0,58.4,60.99,16.0,1971-08-01,1.74,,,8.68,,0.18,0.502243543789966
1.74,1.74,0.18,124.0,58.4,60.99,16.0,1971-09-01,1.74,,,8.68,,0.18,0.502243543789966
1.74,1.74,0.18,125.0,58.4,60.26,16.0,1971-10-01,1.74,,,8.68,,0.18,0.502243543789966
1.74,1.74,0.18,125.0,58.4,60.26,16.0,1971-11-01,1.74,,,8.68,,0.18,0.502243543789966
1.74,1.74,0.18,126.0,58.4,59.89,16.0,1971-12-01,1.74,,,8.68,,0.18,0.502243543789966
1.77,1.77,0.19,125.0,51.33,59.89,29.25,1972-01-01,1.77,,,9.6,,0.19,0.542165986545272
1.77,1.77,0.19,127.0,51.72,59.89,29.25,1972-02-01,1.77,,,9.6,,0.19,0.542165986545272
1.77,1.77,0.19,135.0,52.51,59.89,29.25,1972-03-01,1.77,,,9.6,,0.19,0.542165986545272
1.77,1.77,0.19,140.0,53.68,60.26,29.25,1972-04-01,1.77,,,9.6,,0.19,0.542165986545272
1.77,1.77,0.19,140.0,54.48,60.26,29.25,1972-05-01,1.77,,,9.6,,0.19,0.542165986545272
1.77,1.77,0.19,138.0,52.9,59.89,29.25,1972-06-01,1.77,,,9.6,,0.19,0.542165986545272
1.87,1.87,0.19,141.0,54.07,60.26,29.25,1972-07-01,1.87,,,9.6,,0.19,0.542165986545272
1.87,1.87,0.19,141.0,55.66,62.1,29.25,1972-08-01,1.87,,,9.6,,0.19,0.542165986545272
1.87,1.87,0.19,135.0,59.2,76.06,29.25,1972-09-01,1.87,,,9.6,,0.19,0.542165986545272
1.87,1.87,0.19,136.0,57.22,87.45,29.25,1972-10-01,1.87,,,9.6,,0.19,0.542165986545272
1.87,1.87,0.19,148.0,59.2,88.92,29.25,1972-11-01,1.87,,,9.6,,0.19,0.542165986545272
1.87,1.87,0.19,174.0,67.06,102.88,29.25,1972-12-01,1.87,,,9.6,,0.19,0.542165986545272
2.08,2.08,0.21,214.0,79.13,108.39,64.75,1973-01-01,2.08,,,11.48,,0.21,0.693506724312263
2.08,2.08,0.21,259.0,81.1,98.84,64.75,1973-02-01,2.08,,,11.48,,0.21,0.693506724312263
2.08,2.08,0.21,258.0,79.92,98.47,64.75,1973-03-01,2.08,,,11.48,,0.21,0.693506724312263
2.35,2.35,0.21,260.0,77.77,101.05,64.75,1973-04-01,2.35,,,11.48,,0.21,0.693506724312263
2.35,2.35,0.21,358.0,88.97,102.15,64.75,1973-05-01,2.35,,,11.48,,0.21,0.693506724312263
2.35,2.35,0.21,470.0,101.17,108.39,64.75,1973-06-01,2.35,,,11.48,,0.21,0.693506724312263
2.7,2.7,0.21,330.0,109.44,114.64,64.75,1973-07-01,2.7,,,11.48,,0.21,0.693506724312263
2.7,2.7,0.21,331.0,122.43,192.54,64.75,1973-08-01,2.7,,,11.48,,0.21,0.693506724312263
2.7,2.7,0.21,266.0,107.08,189.6,64.75,1973-09-01,2.7,,,11.48,,0.21,0.693506724312263
4.1,4.1,0.21,245.0,106.39,182.25,64.75,1973-10-01,4.1,,,11.48,,0.21,0.693506724312263
4.1,4.1,0.21,239.0,107.87,181.88,64.75,1973-11-01,4.1,,,11.48,,0.21,0.693506724312263
4.1,4.1,0.21,254.0,112.59,199.52,64.75,1973-12-01,4.1,,,11.48,,0.21,0.693506724312263
13.0,13.0,0.29,261.0,112.28,213.48,285.75,1974-01-01,13.0,,,16.89,,0.29,1.73
13.0,13.0,0.29,271.0,131.1,220.46,285.75,1974-02-01,13.0,,,16.89,,0.29,1.73
13.0,13.0,0.29,265.0,126.37,190.7,285.75,1974-03-01,13.0,,,16.89,,0.29,1.73
10.5999984741211,10.5999984741211,0.29,235.0,114.17,162.04,285.75,1974-04-01,10.5999984741211,,,16.89,,0.29,1.73
10.5999984741211,10.5999984741211,0.29,229.0,113.7,141.46,285.75,1974-05-01,10.5999984741211,,,16.89,,0.29,1.73
10.5999984741211,10.5999984741211,0.29,228.0,116.63,155.79,285.75,1974-06-01,10.5999984741211,,,16.89,,0.29,1.73
10.0,10.0,0.29,276.0,132.28,169.02,285.75,1974-07-01,10.0,,,16.89,,0.29,1.73
10.0,10.0,0.29,320.0,145.82,167.55,285.75,1974-08-01,10.0,,,16.89,,0.29,1.73
10.0,10.0,0.29,303.0,141.43,170.49,285.75,1974-09-01,10.0,,,16.89,,0.29,1.73
10.2999992370605,10.2999992370605,0.29,335.0,151.57,192.17,285.75,1974-10-01,10.2999992370605,,,16.89,,0.29,1.73
10.2999992370605,10.2999992370605,0.29,312.0,144.09,187.39,285.75,1974-11-01,10.2999992370605,,,16.89,,0.29,1.73
10.2999992370605,10.2999992370605,0.29,288.0,145.27,185.92,285.75,1974-12-01,10.2999992370605,,,16.89,,0.29,1.73
10.4200000762939,10.4200000762939,0.43,256.0,131.73,164.24,168.0,1975-01-01,10.4200000762939,,,26.84,,0.43,1.68209359076948
10.4200000762939,10.4200000762939,0.43,231.0,120.47,153.22,168.0,1975-02-01,10.4200000762939,,,26.84,,0.43,1.68209359076948
10.4200000762939,10.4200000762939,0.43,226.0,120.17,147.34,168.0,1975-03-01,10.4200000762939,,,26.84,,0.43,1.68209359076948
10.4200000762939,10.4200000762939,0.43,229.0,119.66,140.36,168.0,1975-04-01,10.4200000762939,,,26.84,,0.43,1.68209359076948
10.4200000762939,10.4200000762939,0.43,208.0,114.52,131.54,168.0,1975-05-01,10.4200000762939,,,26.84,,0.43,1.68209359076948
10.4200000762939,10.4200000762939,0.43,207.0,119.1,127.13,168.0,1975-06-01,10.4200000762939,,,26.84,,0.43,1.68209359076948
10.4300003051758,10.4300003051758,0.43,224.0,119.82,145.14,168.0,1975-07-01,10.4300003051758,,,26.84,,0.43,1.68209359076948
10.4300003051758,10.4300003051758,0.43,243.0,131.56,162.77,168.0,1975-08-01,10.4300003051758,,,26.84,,0.43,1.68209359076948
10.4300003051758,10.4300003051758,0.43,227.0,122.31,165.71,168.0,1975-09-01,10.4300003051758,,,26.84,,0.43,1.68209359076948
10.460000038147,10.460000038147,0.43,211.0,116.87,161.67,168.0,1975-10-01,10.460000038147,,,26.84,,0.43,1.68209359076948
10.460000038147,10.460000038147,0.43,192.0,110.26,146.97,168.0,1975-11-01,10.460000038147,,,26.84,,0.43,1.68209359076948
10.460000038147,10.460000038147,0.43,185.0,109.15,142.57,168.0,1975-12-01,10.460000038147,,,26.84,,0.43,1.68209359076948
11.5100002288818,11.5100002288818,0.54,189.0,110.26,143.67,82.0,1976-01-01,11.5100002288818,,,27.16,,0.54,1.73511329971173
11.5100002288818,11.5100002288818,0.54,191.0,113.24,152.85,82.0,1976-02-01,11.5100002288818,,,27.16,,0.54,1.73511329971173
11.5100002288818,11.5100002288818,0.54,190.0,113.06,152.49,82.0,1976-03-01,11.5100002288818,,,27.16,,0.54,1.73511329971173
11.5100002288818,11.5100002288818,0.55,190.0,111.1,145.5,82.0,1976-04-01,11.5100002288818,,,27.16,,0.55,1.73511329971173
11.5100002288818,11.5100002288818,0.55,210.0,118.2,141.83,82.0,1976-05-01,11.5100002288818,,,27.16,,0.55,1.73511329971173
11.5100002288818,11.5100002288818,0.58,248.0,121.8,146.24,82.0,1976-06-01,11.5100002288818,,,27.16,,0.58,1.73511329971173
11.6000003814697,11.6000003814697,0.58,264.0,121.3,142.2,82.0,1976-07-01,11.6000003814697,,,27.16,,0.58,1.73511329971173
11.6000003814697,11.6000003814697,0.6,248.0,116.1,126.4,82.0,1976-08-01,11.6000003814697,,,27.16,,0.6,1.73511329971173
11.6000003814697,11.6000003814697,0.6,261.0,115.0,119.78,82.0,1976-09-01,11.6000003814697,,,27.16,,0.6,1.73511329971173
11.8999996185303,11.8999996185303,0.62,254.0,106.2,111.33,82.0,1976-10-01,11.8999996185303,,,27.16,,0.62,1.73511329971173
11.8999996185303,11.8999996185303,0.63,260.0,98.7,106.56,82.0,1976-11-01,11.8999996185303,,,27.16,,0.63,1.73511329971173
11.8999996185303,11.8999996185303,0.64,269.0,103.5,106.19,82.0,1976-12-01,11.8999996185303,,,27.16,,0.64,1.73511329971173
12.5,12.5,0.67,287.0,111.6,108.76,115.0,1977-01-01,12.5,,,28.68,,0.67,1.79162260681582
12.5,12.5,0.71,293.0,110.6,110.6,100.5,1977-02-01,12.5,,,28.68,,0.71,1.79162260681582
12.5,12.5,0.75,328.0,108.0,106.92,100.5,1977-03-01,12.5,,,28.68,,0.75,1.79162260681582
12.4499998092651,12.4499998092651,0.77,384.0,105.8,102.15,109.5,1977-04-01,12.4499998092651,,,28.68,,0.77,1.79162260681582
12.4499998092651,12.4499998092651,0.77,371.0,100.9,94.8,116.1,1977-05-01,12.4499998092651,,,28.6777777777778,,0.77,1.79162260681582
12.4499998092651,12.4499998092651,0.82,326.0,94.5,92.96,120.0,1977-06-01,12.4499998092651,,,28.6777777777778,,0.82,1.79162260681582
12.6300001144409,12.6300001144409,0.83,252.0,85.0,96.64,123.125,1977-07-01,12.6300001144409,,,28.6777777777778,,0.83,1.79162260681582
12.6300001144409,12.6300001144409,0.82,230.0,76.9,95.53,129.6,1977-08-01,12.6300001144409,,,28.6777777777778,,0.82,1.79162260681582
12.6300001144409,12.6300001144409,0.83,205.0,78.3,99.94,132.5,1977-09-01,12.6300001144409,,,28.6777777777778,,0.83,1.79162260681582
12.6800003051758,12.6800003051758,0.84,209.0,83.2,103.98,131.0,1977-10-01,12.6800003051758,,,28.6777777777778,,0.84,1.79162260681582
12.6800003051758,12.6800003051758,0.83,236.0,93.4,111.7,137.0,1977-11-01,12.6800003051758,,,28.6777777777778,,0.83,1.79162260681582
12.6800003051758,12.6800003051758,0.84,241.0,96.0,114.64,134.333333333333,1977-12-01,12.6800003051758,,,28.6777777777778,,0.84,1.79162260681582
12.6599998474121,12.6599998474121,0.87,239.0,95.8,114.27,133.0,1978-01-01,12.6599998474121,,,27.8688888888889,,0.87,2.30221809927454
12.6599998474121,12.6599998474121,0.88,239.0,101.0,115.74,134.75,1978-02-01,12.6599998474121,,,27.06,,0.88,2.30221809927454
12.6599998474121,12.6599998474121,0.89,273.0,106.1,124.19,134.5,1978-03-01,12.6599998474121,,,27.06,,0.89,2.30221809927454
12.6800003051758,12.6800003051758,0.88,290.0,111.5,130.81,134.0,1978-04-01,12.6800003051758,,,27.06,,0.88,2.30221809927454
12.6999998092651,12.6999998092651,0.91,290.0,112.69,124.56,130.8,1978-05-01,12.6999998092651,,,28.605,,0.91,2.30221809927454
12.7299995422363,12.7299995422363,0.91,278.0,106.55,126.4,132.5,1978-06-01,12.7299995422363,,,30.15,,0.91,2.30221809927454
12.7700004577637,12.7700004577637,0.89,266.0,97.26,127.13,142.0,1978-07-01,12.7700004577637,,,30.15,,0.89,2.30221809927454
12.789999961853,12.789999961853,0.91,262.0,92.02,127.5,142.5,1978-08-01,12.789999961853,,,30.15,,0.91,2.30221809927454
12.8000001907349,12.8000001907349,0.92,264.0,90.99,130.81,134.625,1978-09-01,12.8000001907349,,,30.15,,0.92,2.30221809927454
12.8500003814697,12.8500003814697,0.92,271.0,95.94,137.42,132.0,1978-10-01,12.8500003814697,,,30.15,,0.92,2.30221809927454
13.1999998092651,13.1999998092651,0.93,270.0,100.54,137.79,140.75,1978-11-01,13.1999998092651,,,30.15,,0.93,2.30221809927454
14.5,14.5,0.96,278.0,98.52,136.32,141.0,1978-12-01,14.5,,,30.15,,0.96,2.30221809927454
17.4500002861023,15.9499998092651,1.02,284.0,105.41,137.79,143.0,1979-01-01,17.4500002861023,18.9500007629395,,30.15,,1.02,3.25948857484718
20.75,19.5,1.05,298.0,107.01,140.36,143.0,1979-02-01,20.75,22.0,,30.15,,1.05,3.25948857484718
22.0249996185303,20.7999992370605,1.1,310.0,109.52,139.99,131.875,1979-03-01,22.0249996185303,23.25,,30.15,,1.1,3.25948857484718
22.4250001907349,21.2000007629395,1.11,300.0,111.49,139.99,135.0,1979-04-01,22.4250001907349,23.6499996185303,,30.15,,1.11,3.25948857484718
33.5,34.25,1.15,300.0,112.57,143.3,141.75,1979-05-01,33.5,32.75,,30.15,,1.15,3.25948857484718
34.6749992370605,32.8499984741211,1.17,322.0,120.35,167.92,148.5,1979-06-01,34.6749992370605,36.5,,30.15,,1.17,3.25948857484718
33.5,32.0,1.2,322.0,130.51,174.53,155.4,1979-07-01,33.5,35.0,,30.15,,1.2,3.25948857484718
34.0,32.25,1.24,302.0,118.85,169.02,160.0,1979-08-01,34.0,35.75,,31.26,,1.24,3.25948857484718
35.5,34.5,1.24,292.0,117.96,174.16,163.75,1979-09-01,35.5,36.5,,31.26,,1.24,3.25948857484718
37.25,36.0,1.28,283.0,119.1,178.21,167.5,1979-10-01,37.25,38.5,,32.37,,1.28,3.25948857484718
40.75,39.5,1.29,281.0,118.2,178.21,170.0,1979-11-01,40.75,42.0,,32.37,,1.29,3.25948857484718
39.75,39.0,1.31,279.0,115.3,180.04,176.25,1979-12-01,39.75,40.5,,32.37,,1.31,3.25948857484718
39.0,38.0,1.37,268.0,105.4,175.63,187.5,1980-01-01,39.0,40.0,,32.37,,1.37,4.22
37.25,36.0,1.42,271.0,113.9,172.7,187.5,1980-02-01,37.25,38.5,,32.37,,1.42,4.22
37.0,35.75,1.46,264.0,110.4,163.51,187.5,1980-03-01,37.0,38.25,,32.37,,1.46,4.22
36.5750007629395,35.0,1.51,252.0,108.2,156.53,196.25,1980-04-01,36.5750007629395,38.1500015258789,,39.54,,1.51,4.22
37.0499992370605,35.5999984741211,1.56,260.0,110.0,161.3,205.0,1980-05-01,37.0499992370605,38.5,,40.14,,1.56,4.22
37.0,36.0,1.57,262.0,113.6,157.63,205.0,1980-06-01,37.0,38.0,,40.74,,1.57,4.22
35.375,33.3499984741211,1.64,303.0,128.9,168.65,205.0,1980-07-01,35.375,37.4000015258789,,40.74,,1.64,4.22
32.9499988555908,32.2999992370605,1.64,309.0,143.45,171.23,205.0,1980-08-01,32.9499988555908,33.5999984741211,,44.24,,1.64,4.22
32.8250007629395,32.25,1.69,335.0,140.8,179.68,207.0,1980-09-01,32.8250007629395,33.4000015258789,,44.61,,1.69,4.22
37.3500003814697,36.7999992370605,1.71,340.0,140.4,188.13,207.0,1980-10-01,37.3500003814697,37.9000015258789,,44.61,,1.71,4.22
40.2999992370605,39.75,1.76,367.0,146.6,195.11,207.0,1980-11-01,40.2999992370605,40.8499984741211,,44.98,,1.76,4.22
39.75,39.3499984741211,1.74,323.75,141.5,182.62,207.0,1980-12-01,39.75,40.1500015258789,,44.98,,1.74,4.22
39.7749996185302,39.25,1.77,323.0,148.81,189.6,207.0,1981-01-01,39.7749996185302,40.2999992370605,,44.98,,1.77,4.6
37.8999996185303,37.0999984741211,1.81,306.0,143.3,181.51,242.5,1981-02-01,37.8999996185303,38.7000007629395,,44.98,,1.81,4.6
37.5999984741211,36.8499984741211,1.86,305.0,142.13,175.27,242.5,1981-03-01,37.5999984741211,38.3499984741211,,44.98,,1.86,4.6
36.3699989318848,35.5499992370605,1.93,316.0,145.5,180.41,135.0,1981-04-01,36.3699989318848,37.189998626709,,56.5,,1.93,4.6
34.2849998474121,33.3800010681152,1.95,306.0,141.3,171.59,215.0,1981-05-01,34.2849998474121,35.189998626709,,56.5,,1.95,4.6
32.7099990844726,32.1699981689453,1.95,291.0,136.1,168.65,215.0,1981-06-01,32.7099990844726,33.25,,56.5,,1.95,4.6
33.5100002288819,31.9599990844727,2.01,294.0,137.56,167.92,180.0,1981-07-01,33.5100002288819,35.060001373291,,56.5,,2.01,4.6
33.9849987030029,32.1699981689453,2.02,283.0,127.11,170.12,160.0,1981-08-01,33.9849987030029,35.7999992370605,,56.5,,2.02,4.6
33.9850006103515,32.060001373291,2.08,264.0,115.5,171.23,160.0,1981-09-01,33.9850006103515,35.9099998474121,,56.5,,2.08,4.6
34.6100006103515,32.6800003051758,2.11,260.0,112.67,168.65,160.0,1981-10-01,34.6100006103515,36.5400009155273,,56.5,,2.11,4.6
35.6800003051758,34.2400016784668,2.15,257.0,111.76,178.57,136.5,1981-11-01,35.6800003051758,37.1199989318848,,56.5,,2.15,4.6
35.4099998474122,34.1199989318848,2.16,256.0,107.63,176.0,136.5,1981-12-01,35.4099998474122,36.7000007629395,,56.5,,2.16,4.6
35.0499994913737,34.0,2.23,262.0,115.35,173.06,112.5,1982-01-01,35.0499994913737,35.8499984741211,35.3,55.61,,2.23,4.45
32.2733334859212,30.3999996185303,2.3,254.0,112.59,170.86,130.0,1982-02-01,32.2733334859212,31.6200008392334,34.8,55.61,,2.3,4.45
30.1666665395101,28.6000003814697,2.35,254.25,114.17,168.65,130.0,1982-03-01,30.1666665395101,29.2999992370605,32.6,55.61,,2.35,4.45
31.5666660308838,30.8799991607666,2.4,265.0,117.76,169.76,122.5,1982-04-01,31.5666660308838,33.1199989318848,30.7,55.61,,2.4,4.45
33.0433329264323,33.3499984741211,2.45,269.0,118.11,167.55,122.5,1982-05-01,33.0433329264323,35.1800003051758,30.6,55.61,,2.45,4.45
32.7666666666667,32.6500015258789,2.45,254.0,114.95,155.79,122.5,1982-06-01,32.7666666666667,34.5999984741211,31.05,55.61,,2.45,4.45
32.916667175293,31.7000007629395,2.47,249.0,114.95,151.75,122.5,1982-07-01,32.916667175293,33.7000007629395,33.35,55.61,,2.47,4.45
32.4166664123535,31.2000007629395,2.53,234.0,102.28,152.49,125.0,1982-08-01,32.4166664123535,32.8499984741211,33.2,55.61,,2.53,4.45
33.4666664123535,33.0499992370605,2.56,217.0,100.88,152.85,125.0,1982-09-01,33.4666664123535,34.25,33.1,55.61,,2.56,4.45
33.7833338419596,33.4000015258789,2.6,214.0,91.73,146.61,127.5,1982-10-01,33.7833338419596,35.0,32.95,55.61,,2.6,4.45
32.8499997456868,31.75,2.62,231.0,102.87,155.06,127.5,1982-11-01,32.8499997456868,33.7999992370605,33.0,55.61,,2.62,4.45
31.4666667938232,30.1000003814697,2.62,232.0,105.51,159.83,120.0,1982-12-01,31.4666667938232,31.75,32.55,45.5,,2.62,4.45
30.6533330281575,30.0499992370605,2.66,235.0,107.84,164.98,124.5,1983-01-01,30.6533330281575,30.8500003814697,31.0599994659424,43.0,,2.66,4.05
29.113333384196,29.0,2.66,239.0,117.32,164.24,124.5,1983-02-01,29.113333384196,29.1000003814697,29.2399997711182,43.0,,2.66,4.05
28.3200003306071,28.1000003814697,2.58,242.0,125.19,166.08,120.0,1983-03-01,28.3200003306071,28.2000007629395,28.6599998474121,43.0,,2.58,4.05
29.693333307902,28.7000007629395,2.53,252.5,133.43,167.18,109.0,1983-04-01,29.693333307902,29.75,30.6299991607666,43.0,,2.53,4.05
29.3599999745687,28.5,2.53,252.0,133.85,160.2,101.5,1983-05-01,29.3599999745687,29.6000003814697,29.9799995422363,43.0,,2.53,4.05
29.966667175293,28.75,2.59,243.0,135.03,151.75,120.0,1983-06-01,29.966667175293,30.2000007629395,30.9500007629395,43.0,,2.59,4.05
30.4666665395101,29.0,2.52,263.0,140.59,147.34,109.0,1983-07-01,30.4666665395101,30.7999992370605,31.6000003814697,34.75,,2.52,4.05
30.6533330281576,28.8999996185303,2.58,339.0,152.75,152.49,110.5,1983-08-01,30.6533330281576,31.1000003814697,31.9599990844727,34.75,,2.58,4.05
30.0700003306071,28.6000003814697,2.67,349.8,147.75,156.53,110.5,1983-09-01,30.0700003306071,30.3500003814697,31.2600002288818,34.75,,2.67,4.05
29.6166667938232,28.6000003814697,2.58,328.75,148.15,152.85,114.0,1983-10-01,29.6166667938232,29.8500003814697,30.3999996185303,34.75,,2.58,4.05
29.1666666666667,28.2999992370605,2.6,324.0,147.02,151.75,115.5,1983-11-01,29.1666666666667,29.2000007629395,30.0,32.0,,2.6,4.05
28.8133335113526,28.25,2.61,311.0,143.28,153.59,115.5,1983-12-01,28.8133335113526,28.9500007629395,29.2399997711182,29.25,,2.61,4.05
29.0433330535889,27.7299995422363,2.67,305.0,141.92,152.85,116.5,1984-01-01,29.0433330535889,29.5599994659424,29.8400001525879,29.25,29.34,2.67,3.76
29.203332901001,27.6499996185303,2.71,293.0,137.0,150.65,118.0,1984-02-01,29.203332901001,29.8799991607666,30.0799999237061,29.25,29.34,2.71,3.76
29.5333334604899,27.7900009155273,2.67,314.0,147.08,153.96,141.0,1984-03-01,29.5333334604899,30.0799999237061,30.7299995422363,29.25,29.34,2.67,3.76
29.5733324686686,27.9599990844727,2.64,315.0,148.02,157.26,127.5,1984-04-01,29.5733324686686,30.1299991607666,30.6299991607666,29.25,29.34,2.64,3.76
29.4600003560384,28.0300006866455,2.67,338.0,146.06,153.96,147.5,1984-05-01,29.4600003560384,29.8999996185303,30.4500007629395,29.25,29.34,2.67,3.76
29.0500005086263,27.9099998474121,2.7,308.0,146.97,149.91,155.0,1984-06-01,29.0500005086263,29.2000007629395,30.0400009155273,31.75,34.31,2.7,3.76
27.9866669972737,27.2600002288818,2.68,270.0,142.59,146.97,162.5,1984-07-01,27.9866669972737,27.9099998474121,28.7900009155273,31.75,35.8,2.68,3.76
28.1700000762939,27.2299995422363,2.69,261.0,138.75,152.49,165.0,1984-08-01,28.1700000762939,28.1100006103516,29.1700000762939,31.75,35.8,2.69,3.76
28.3533331553141,27.3999996185303,2.62,245.0,130.41,155.06,165.0,1984-09-01,28.3533331553141,28.3600006103516,29.2999992370605,31.75,35.8,2.62,3.76
27.8533331553141,27.1100006103516,2.63,245.0,121.19,152.85,172.0,1984-10-01,27.8533331553141,27.8099994659424,28.6399993896484,31.75,35.8,2.63,3.76
27.6500002543132,27.0900001525879,2.61,250.0,117.37,152.49,166.0,1984-11-01,27.6500002543132,27.7000007629395,28.1599998474121,32.75,35.305,2.61,3.76
26.8133335113525,26.7600002288818,2.57,241.0,113.95,149.55,166.0,1984-12-01,26.8133335113525,26.9799995422363,26.7000007629395,33.75,34.935,2.57,3.76
26.6333333333333,27.3,2.64,243.0,119.01,149.18,168.5,1985-01-01,26.6333333333333,26.95,25.65,33.75,35.06,2.64,3.65
27.6,27.25,2.71,239.0,119.78,147.34,168.5,1985-02-01,27.6,28.2,27.35,33.75,35.06,2.71,3.65
27.85,27.15,2.62,241.0,120.19,145.14,105.0,1985-03-01,27.85,28.1,28.3,33.75,35.06,2.62,3.65
27.8,26.65,2.64,243.0,120.05,143.67,107.5,1985-04-01,27.8,27.9,28.85,33.75,35.06,2.64,3.65
26.65,25.65,2.53,231.0,116.73,136.32,127.5,1985-05-01,26.65,26.65,27.65,33.75,35.06,2.53,3.65
26.3666666666667,25.45,2.58,227.0,116.04,134.11,112.5,1985-06-01,26.3666666666667,26.45,27.2,33.75,35.06,2.58,3.65
26.3833333333333,25.7,2.51,223.0,114.91,128.6,109.5,1985-07-01,26.3833333333333,26.6,26.85,33.75,35.06,2.51,3.65
27.0166666666667,26.3,2.47,211.0,105.53,123.09,97.5,1985-08-01,27.0166666666667,27.15,27.6,33.75,35.06,2.47,3.65
26.9833333333333,26.15,2.42,207.0,101.91,125.3,87.5,1985-09-01,26.9833333333333,27.15,27.65,33.75,35.06,2.42,3.65
27.8166666666667,26.7,2.37,205.0,98.58,127.5,80.5,1985-10-01,27.8166666666667,27.9,28.85,33.75,34.49,2.37,3.65
28.6,26.9,2.36,210.0,106.2,132.64,87.5,1985-11-01,28.6,29.05,29.85,33.75,34.49,2.36,3.65
26.5,26.3,2.28,213.0,107.87,137.05,87.5,1985-12-01,26.5,25.85,27.35,33.75,34.49,2.28,3.65
24.6833333333333,25.4,2.28,221.0,107.79,132.28,82.5,1986-01-01,24.6833333333333,25.75,22.9,33.75,33.83,2.28,3.65
15.9166666666667,14.8,2.26,216.0,103.19,129.71,77.0,1986-02-01,15.9166666666667,17.55,15.4,33.75,33.83,2.26,3.65
12.65,11.45,2.16,217.0,100.88,134.48,77.0,1986-03-01,12.65,13.85,12.65,30.75,31.64,2.16,3.65
11.9,10.3,2.1,213.0,101.33,132.64,72.5,1986-04-01,11.9,12.5,12.9,30.75,31.64,2.1,3.65
13.7166666666667,11.5,1.96,215.0,105.55,119.42,72.5,1986-05-01,13.7166666666667,14.2,15.45,30.75,29.46,1.96,3.65
11.85,10.2,1.85,213.0,103.54,105.82,72.5,1986-06-01,11.85,11.85,13.5,30.75,29.46,1.85,3.65
9.61666666666667,7.85,1.8,209.0,83.03,101.78,67.5,1986-07-01,9.61666666666667,9.45,11.55,30.75,29.46,1.8,3.65
13.7,12.15,1.77,202.0,72.31,102.15,71.0,1986-08-01,13.7,13.65,15.3,30.75,29.46,1.77,3.65
14.0833333333333,13.1,1.78,195.0,65.7,103.62,65.0,1986-09-01,14.0833333333333,14.2,14.95,30.75,29.46,1.78,3.65
13.95,13.15,1.73,197.0,65.31,104.72,62.5,1986-10-01,13.95,13.8,14.9,30.75,29.46,1.73,3.65
14.45,13.55,1.77,204.0,72.43,105.09,64.5,1986-11-01,14.45,14.55,15.25,30.75,29.46,1.77,3.65
15.6833333333333,14.9,1.76,199.0,69.64,107.29,64.5,1986-12-01,15.6833333333333,15.9,16.25,29.25,27.28,1.76,3.65
18.0666666666667,17.2,1.74,200.0,67.91,109.13,64.0,1987-01-01,18.0666666666667,18.4,18.6,29.25,27.28,1.74,2.59
17.25,16.7,1.73,198.0,66.14,112.07,68.0,1987-02-01,17.25,17.3,17.75,29.25,27.28,1.73,2.59
17.75,16.9,1.73,199.0,71.6,115.38,70.5,1987-03-01,17.75,17.9,18.45,29.25,27.28,1.73,2.59
17.9,16.95,1.69,207.0,74.88,113.17,77.5,1987-04-01,17.9,18.1,18.65,24.75,26.18,1.69,2.59
18.4,17.05,1.65,221.0,81.84,119.05,87.5,1987-05-01,18.4,18.75,19.4,24.75,26.18,1.65,2.59
18.7166666666667,17.25,1.65,228.0,80.7,108.76,87.5,1987-06-01,18.7166666666667,18.85,20.05,24.75,26.18,1.65,2.59
19.6166666666667,17.75,1.66,222.0,76.37,104.72,87.5,1987-07-01,19.6166666666667,19.8,21.3,27.0,26.18,1.66,2.59
18.8166666666667,17.3,1.63,215.0,71.65,106.92,85.0,1987-08-01,18.8166666666667,18.95,20.2,27.0,26.18,1.63,2.59
18.2833333333333,17.0,1.56,214.0,73.57,112.07,85.0,1987-09-01,18.2833333333333,18.35,19.5,27.0,26.18,1.56,2.59
18.5666666666667,17.05,1.57,217.0,78.85,113.91,92.5,1987-10-01,18.5666666666667,18.8,19.85,27.0,26.18,1.57,2.59
17.75,16.6,1.64,228.0,81.69,115.01,92.5,1987-11-01,17.75,17.8,18.85,29.0,26.34,1.64,2.59
16.6333333333333,15.5,1.7,240.0,83.16,124.56,92.5,1987-12-01,16.6333333333333,17.1,17.3,31.0,26.5,1.7,2.59
16.4666666666667,15.4,1.96,254.0,85.92,128.6,92.5,1988-01-01,16.4666666666667,16.85,17.15,31.0,26.5,1.96,2.36
15.85,15.05,1.84,254.0,87.99,131.54,97.5,1988-02-01,15.85,15.75,16.75,31.0,26.0,1.84,2.36
14.7833333333333,13.4,1.7,257.0,90.23,124.93,105.0,1988-03-01,14.7833333333333,14.75,16.2,33.0,26.5,1.7,2.36
16.4666666666667,14.95,1.59,270.0,89.52,126.77,97.5,1988-04-01,16.4666666666667,16.6,17.85,33.0,27.0,1.59,2.36
16.2166666666667,14.85,1.52,285.0,89.32,128.97,110.0,1988-05-01,16.2166666666667,16.4,17.4,33.0,27.5,1.52,2.36
15.3333333333333,13.8,1.53,353.0,120.27,149.91,110.0,1988-06-01,15.3333333333333,15.55,16.65,36.0,27.5,1.53,2.36
14.4833333333333,13.05,1.56,351.0,125.49,149.55,110.0,1988-07-01,14.4833333333333,14.9,15.5,36.0,27.5,1.56,2.36
14.55,13.15,1.62,342.0,119.92,149.91,130.0,1988-08-01,14.55,14.95,15.55,36.0,28.5,1.62,2.36
13.1,11.55,1.53,337.0,121.37,159.47,130.0,1988-09-01,13.1,13.3,14.45,37.0,29.25,1.53,2.36
12.1833333333333,10.3,1.68,313.0,121.35,162.04,130.0,1988-10-01,12.1833333333333,12.45,13.8,37.0,30.0,1.68,2.36
12.5333333333333,10.6,1.76,313.0,114.43,163.88,130.0,1988-11-01,12.5333333333333,13.0,14.0,37.5,30.0,1.76,2.36
14.65,12.5,1.89,313.0,116.88,166.82,120.0,1988-12-01,14.65,15.15,16.3,38.0,31.0,1.89,2.36
16.4833333333333,14.45,1.78,318.0,118.2,173.8,120.0,1989-01-01,16.4833333333333,17.0,18.0,38.0,31.0,1.78,2.09
16.35,14.6,1.71,307.0,117.42,171.96,120.0,1989-02-01,16.35,16.65,17.8,38.0,31.0,1.71,2.09
18.0333333333333,15.95,1.49,313.0,118.38,178.21,120.0,1989-03-01,18.0333333333333,18.7,19.45,38.0,31.0,1.49,2.09
19.2,16.9,1.53,297.0,115.74,174.53,113.5,1989-04-01,19.2,19.75,20.95,38.0,31.0,1.53,2.09
18.0166666666667,15.65,1.66,297.0,117.64,176.37,113.5,1989-05-01,18.0166666666667,18.35,20.05,38.0,31.0,1.66,2.09
17.6333333333333,15.4,1.7,291.0,112.99,168.65,113.5,1989-06-01,17.6333333333333,17.5,20.0,38.0,31.0,1.7,2.09
17.6666666666667,15.5,1.64,272.0,108.7,166.82,113.5,1989-07-01,17.6666666666667,17.75,19.75,38.0,31.0,1.64,2.09
16.8833333333333,15.0,1.58,236.0,100.92,164.24,82.5,1989-08-01,16.8833333333333,17.1,18.55,38.0,31.0,1.58,2.09
17.6666666666667,15.6,1.53,237.0,103.37,163.51,82.5,1989-09-01,17.6666666666667,17.8,19.6,38.0,31.0,1.53,2.09
18.4166666666667,16.15,1.6,238.0,107.28,164.61,72.5,1989-10-01,18.4166666666667,19.0,20.1,38.0,31.0,1.6,2.09
18.3666666666667,16.15,1.9,246.0,108.48,163.51,86.0,1989-11-01,18.3666666666667,19.15,19.8,38.0,31.0,1.9,2.09
19.35,17.1,2.24,248.0,109.17,164.61,98.0,1989-12-01,19.35,19.85,21.1,38.0,31.0,2.24,2.09
20.35,17.45,2.39,242.0,105.6,167.92,104.5,1990-01-01,20.35,20.95,22.65,38.0,31.0,2.39,2.82
19.6,16.8,1.9,240.0,106.07,160.94,106.25,1990-02-01,19.6,19.9,22.1,38.0,31.0,1.9,2.82
18.2166666666667,15.8,1.55,242.0,109.7,156.53,111.0,1990-03-01,18.2166666666667,18.45,20.4,38.0,31.0,1.55,2.82
16.55,14.3,1.49,247.0,118.82,159.47,111.0,1990-04-01,16.55,16.75,18.6,38.0,31.0,1.49,2.82
16.5833333333333,14.6,1.47,259.0,121.04,149.18,107.0,1990-05-01,16.5833333333333,16.7,18.45,40.5,32.5,1.47,2.82
15.2666666666667,13.25,1.47,249.0,120.86,135.58,107.0,1990-06-01,15.2666666666667,15.7,16.85,40.5,34.0,1.47,2.82
17.1666666666667,15.3,1.41,252.0,114.91,124.93,107.0,1990-07-01,17.1666666666667,17.55,18.65,40.5,34.0,1.41,2.82
26.4,25.0,1.36,250.0,110.05,116.84,114.875,1990-08-01,26.4,27.05,27.15,40.5,34.0,1.36,2.82
32.7,30.3,1.44,250.0,101.52,114.27,90.625,1990-09-01,32.7,34.1,33.7,40.5,34.0,1.44,2.82
34.5,31.55,1.69,247.0,100.34,114.64,136.5,1990-10-01,34.5,36.05,35.9,40.5,34.0,1.69,2.82
31.0833333333333,27.95,2.1,239.0,100.39,112.8,144.5,1990-11-01,31.0833333333333,33.0,32.3,40.5,34.0,2.1,2.82
26.1333333333333,23.25,2.11,244.0,102.01,113.17,147.5,1990-12-01,26.1333333333333,28.0,27.15,40.5,34.0,2.11,2.82
22.5833333333333,19.4,1.67,239.0,105.67,111.33,151.0,1991-01-01,22.5833333333333,23.65,24.7,40.5,34.0,1.67,3.44
18.1333333333333,14.45,1.36,241.0,106.1,113.91,151.0,1991-02-01,18.1333333333333,19.4,20.55,40.5,34.0,1.36,3.41
18.0666666666667,14.85,1.34,244.0,109.54,119.42,145.0,1991-03-01,18.0666666666667,19.45,19.9,39.5,31.0,1.34,3.33
18.4666666666667,15.35,1.33,245.0,110.33,120.89,143.5,1991-04-01,18.4666666666667,19.25,20.8,39.5,31.0,1.33,3.47
18.8166666666667,15.9,1.31,241.0,105.7,121.99,138.5,1991-05-01,18.8166666666667,19.3,21.25,39.5,31.0,1.31,3.37
17.9333333333333,15.4,1.2,241.0,104.21,120.15,135.5,1991-06-01,17.9333333333333,18.2,20.2,39.5,31.0,1.2,3.29
19.05,16.25,1.19,229.0,105.11,118.31,132.5,1991-07-01,19.05,19.45,21.45,39.5,31.0,1.19,3.0
19.3666666666667,16.65,1.31,241.0,110.43,125.3,132.5,1991-08-01,19.3666666666667,19.75,21.7,39.5,31.0,1.31,2.98
20.05,17.8,1.63,246.0,108.85,135.22,132.5,1991-09-01,20.05,20.5,21.85,39.5,31.0,1.63,2.97
21.4666666666667,18.95,1.77,237.0,109.7,146.97,132.5,1991-10-01,21.4666666666667,22.2,23.25,39.5,31.0,1.77,2.71
20.7666666666667,18.45,1.81,237.0,106.49,149.55,134.375,1991-11-01,20.7666666666667,21.25,22.6,39.5,31.0,1.81,2.7
17.75,15.3,1.92,234.0,106.91,160.94,131.875,1991-12-01,17.75,18.4,19.55,39.5,31.0,1.92,2.7
17.3833333333333,15.2,1.28,236.0,109.31,170.12,122.5,1992-01-01,17.3833333333333,18.15,18.8,39.5,31.0,1.28,2.57
17.6166666666667,15.75,1.21,237.0,113.62,177.1,120.625,1992-02-01,17.6166666666667,18.1,19.0,39.5,31.0,1.21,2.5
17.45,15.8,1.28,240.0,117.0,169.39,120.0,1992-03-01,17.45,17.6,18.95,39.5,31.0,1.28,2.58
18.6333333333333,16.7,1.47,235.0,108.52,159.83,120.0,1992-04-01,18.6333333333333,18.95,20.25,39.5,31.0,1.47,2.47
19.5,17.6,1.59,247.0,109.64,149.55,120.0,1992-05-01,19.5,19.9,21.0,39.5,31.0,1.59,2.49
20.8333333333333,19.0,1.56,253.0,110.9,148.81,120.0,1992-06-01,20.8333333333333,21.15,22.35,39.5,29.0,1.56,2.5
20.1666666666667,18.5,1.75,237.0,102.75,136.32,120.0,1992-07-01,20.1666666666667,20.25,21.75,39.5,27.0,1.75,2.55
19.6166666666667,17.8,1.97,229.0,96.96,128.24,120.0,1992-08-01,19.6166666666667,19.75,21.3,39.5,27.0,1.97,2.56
20.15,18.3,2.33,227.0,98.05,138.89,120.0,1992-09-01,20.15,20.25,21.9,39.5,27.0,2.33,2.57
20.0833333333333,18.25,2.42,221.0,95.11,140.73,116.875,1992-10-01,20.0833333333333,20.3,21.7,37.25,27.0,2.42,2.63
18.8833333333333,17.1,2.24,229.0,94.48,147.71,107.5,1992-11-01,18.8833333333333,19.2,20.35,35.0,27.0,2.24,2.64
17.9333333333333,16.25,2.16,235.0,94.61,147.71,103.75,1992-12-01,17.9333333333333,18.15,19.4,35.0,27.0,2.16,2.64
17.2166666666667,15.2,1.88,239.0,94.21,155.79,102.5,1993-01-01,17.2166666666667,17.4,19.05,35.0,27.0,1.88,2.76
18.1666666666667,16.0,1.69,236.0,94.38,148.81,102.5,1993-02-01,18.1666666666667,18.45,20.05,31.0,27.0,1.69,2.74
18.4666666666667,16.3,2.18,238.0,97.14,148.08,86.2,1993-03-01,18.4666666666667,18.75,20.35,31.0,27.0,2.18,2.75
18.4333333333333,16.35,2.35,244.0,100.55,141.83,81.0,1993-04-01,18.4333333333333,18.65,20.3,31.0,27.0,2.35,2.68
18.1666666666667,16.0,2.17,246.0,98.59,136.69,81.0,1993-05-01,18.1666666666667,18.5,20.0,31.0,27.0,2.17,2.68
17.4666666666667,15.6,1.97,245.0,92.76,121.99,81.0,1993-06-01,17.4666666666667,17.65,19.15,31.0,27.0,1.97,2.68
16.3166666666667,14.25,2.06,287.0,101.25,127.5,81.0,1993-07-01,16.3166666666667,16.8,17.9,31.0,27.0,2.06,2.66
16.4833333333333,14.75,2.26,274.0,100.31,129.71,81.0,1993-08-01,16.4833333333333,16.7,18.0,31.0,27.0,2.26,2.65
15.9,14.2,2.27,260.0,100.9,131.17,81.0,1993-09-01,15.9,16.0,17.5,31.0,27.0,2.27,2.62
16.5166666666667,14.8,2.02,249.0,106.53,135.95,81.0,1993-10-01,16.5166666666667,16.6,18.15,31.0,27.0,2.02,2.62
15.2,13.7,2.26,267.0,116.67,146.61,82.8,1993-11-01,15.2,15.15,16.75,31.0,27.0,2.26,2.62
13.7666666666667,12.15,2.34,276.0,121.79,158.73,85.5,1993-12-01,13.7666666666667,13.6,15.55,31.0,26.5,2.34,2.6
14.1333333333333,13.15,2.34,282.0,127.23,153.22,85.5,1994-01-01,14.1333333333333,14.25,15.0,31.0,27.0,2.34,2.47
13.7833333333333,12.8,2.71,273.0,123.22,146.97,85.5,1994-02-01,13.7833333333333,13.8,14.75,31.0,27.0,2.71,2.36
13.6166666666667,12.25,2.21,274.0,119.4,141.1,98.625,1994-03-01,13.6166666666667,13.95,14.65,29.5,27.0,2.21,2.36
15.0833333333333,13.8,2.04,261.0,113.23,140.36,103.5,1994-04-01,15.0833333333333,15.15,16.3,29.5,27.0,2.04,2.36
16.2833333333333,14.8,1.92,256.0,109.59,139.99,103.5,1994-05-01,16.2833333333333,16.2,17.85,31.4,27.0,1.92,2.36
17.1666666666667,15.7,1.9,265.0,112.16,139.26,103.5,1994-06-01,17.1666666666667,16.75,19.05,33.6,28.5,1.9,2.36
17.8833333333333,16.4,1.96,237.0,97.83,137.42,106.5,1994-07-01,17.8833333333333,17.6,19.65,33.1,28.5,1.96,2.42
17.0,15.85,1.66,232.0,95.99,145.87,88.0,1994-08-01,17.0,16.8,18.35,33.1,28.5,1.66,2.46
16.2,15.25,1.49,233.0,97.51,158.73,88.0,1994-09-01,16.2,15.9,17.45,33.1,29.0,1.49,2.48
16.4666666666667,15.35,1.51,227.0,96.48,167.18,88.0,1994-10-01,16.4666666666667,16.4,17.65,33.1,30.75,1.51,2.56
17.0833333333333,15.95,1.58,239.0,95.47,162.04,88.0,1994-11-01,17.0833333333333,17.2,18.1,33.1,30.5,1.58,2.57
15.94,14.7,1.72,243.0,102.49,164.61,88.0,1994-12-01,15.94,15.96,17.16,36.1,32.0,1.72,2.56
16.9,16.08,1.51,243.0,106.96,156.16,159.6,1995-01-01,16.9,16.63,17.99,37.1,34.0,1.51,2.66
17.4166666666667,16.64,1.58,238.0,106.69,154.32,177.5,1995-02-01,17.4166666666667,17.08,18.53,37.6,34.5,1.58,2.66
17.3466666666667,16.49,1.54,246.0,109.7,150.28,191.25,1995-03-01,17.3466666666667,17.01,18.54,38.35,34.75,1.54,2.65
18.6466666666667,17.4,1.62,249.0,109.3,148.81,205.0,1995-04-01,18.6466666666667,18.67,19.87,37.1,35.0,1.62,2.71
18.4233333333333,17.25,1.64,250.0,111.97,158.73,159.0,1995-05-01,18.4233333333333,18.38,19.64,38.77,35.0,1.64,2.71
17.3633333333333,16.24,1.62,252.0,119.86,170.12,90.0,1995-06-01,17.3633333333333,17.35,18.5,40.77,34.89,1.62,2.73
16.0833333333333,14.97,1.44,261.0,126.99,190.7,90.0,1995-07-01,16.0833333333333,15.86,17.42,41.05,36.15,1.44,2.8
16.4666666666667,15.37,1.56,257.0,126.44,184.45,90.0,1995-08-01,16.4666666666667,16.07,17.96,40.88,35.7,1.56,2.8
16.82,15.65,1.64,266.0,130.48,193.64,90.0,1995-09-01,16.82,16.78,18.03,40.93,35.93,1.64,2.78
16.1233333333333,14.92,1.77,271.0,140.86,203.73,90.0,1995-10-01,16.1233333333333,16.12,17.33,40.97,35.75,1.77,2.75
16.7433333333333,15.56,2.04,282.0,143.95,203.93,90.0,1995-11-01,16.7433333333333,16.88,17.79,39.59,36.07,2.04,2.75
17.8666666666667,16.81,2.71,296.0,148.65,208.92,90.0,1995-12-01,17.8666666666667,17.96,18.83,39.35,35.01,2.71,2.73
17.8,16.57,2.93,305.0,156.13,206.88,90.0,1996-01-01,17.8,17.94,18.89,39.37,34.75,2.93,2.75
17.6966666666667,16.05,4.4,299.0,164.81,218.89,90.0,1996-02-01,17.6966666666667,17.97,19.07,39.28,34.25,4.4,2.77
19.4,17.05,2.95,295.0,184.86,215.32,90.0,1996-03-01,19.4,19.99,21.16,39.01,32.92,2.95,2.67
20.66,17.77,2.23,316.0,190.37,257.61,160.4,1996-04-01,20.66,21.01,23.2,39.33,33.67,2.23,3.1
19.0633333333333,16.99,2.24,322.0,204.02,262.11,169.5,1996-05-01,19.0633333333333,19.12,21.08,38.2,33.28,2.24,2.81
18.5133333333333,17.0,2.49,308.0,197.55,227.34,172.125,1996-06-01,18.5133333333333,18.27,20.27,38.2,32.4,2.49,2.81
19.5866666666667,17.79,2.48,312.0,197.8,202.6,184.5,1996-07-01,19.5866666666667,19.61,21.36,38.4,32.1,2.48,2.78
20.44,18.77,2.03,317.0,185.5,191.63,187.0,1996-08-01,20.44,20.58,21.97,38.35,32.03,2.03,2.79
22.2566666666667,20.26,1.84,319.0,145.39,178.71,181.4,1996-09-01,22.2566666666667,22.59,23.92,38.1,33.38,1.84,2.79
23.61,21.71,2.37,290.0,127.85,178.0,172.25,1996-10-01,23.61,24.18,24.94,37.6,34.25,2.37,2.94
22.39,20.87,3.03,286.0,117.74,176.41,172.625,1996-11-01,22.39,22.64,23.66,35.7,34.14,3.03,2.96
23.6233333333333,21.65,3.82,289.0,117.69,175.7,174.5,1996-12-01,23.6233333333333,23.9,25.32,35.35,35.04,3.82,2.96
23.2266666666667,21.28,3.31,301.0,118.36,175.73,173.5,1997-01-01,23.2266666666667,23.47,24.93,35.23,34.57,3.31,2.89
20.42,18.6,2.22,308.0,121.67,172.35,160.375,1997-02-01,20.42,20.83,21.83,34.6,33.8,2.22,2.89
19.33,18.09,1.89,332.0,127.6,176.61,148.0,1997-03-01,19.33,19.21,20.69,34.5,33.4,1.89,2.83
17.88,16.77,2.031,338.0,124.4,183.49,135.0,1997-04-01,17.88,17.47,19.4,35.4,32.99,2.031,2.77
19.3674333333333,18.455,2.24,298.0,118.77,172.59,113.125,1997-05-01,19.3674333333333,19.1425,20.5048,35.73,32.53,2.24,2.74
17.92,17.34,2.2,278.0,112.05,148.39,108.5,1997-06-01,17.92,17.55,18.87,34.5,32.28,2.2,2.76
18.33,17.29,2.19,306.0,106.06,136.21,112.5,1997-07-01,18.33,18.4,19.3,35.0,31.27,2.19,2.67
18.7,17.77,2.47,265.0,112.92,150.61,102.5,1997-08-01,18.7,18.71,19.62,36.93,31.03,2.47,2.67
18.661746031746,17.95,2.84,269.0,112.24,151.74,88.3,1997-09-01,18.661746031746,18.45,19.5852380952381,37.15,29.88,2.84,2.7
20.04,19.06,3.04,278.0,120.36,151.59,87.5,1997-10-01,20.04,19.85,21.21,37.15,29.0,3.04,2.63
19.0866666666667,18.38,3.02,288.0,117.22,149.88,90.625,1997-11-01,19.0866666666667,19.0,19.88,33.6,27.69,3.02,2.66
17.09,16.18,2.33,284.0,113.45,144.62,90.0,1997-12-01,17.09,17.0,18.09,31.4,27.75,2.33,2.65
15.0,13.4,2.1,273.0,114.71,137.1,86.25,1998-01-01,15.0,15.09,16.51,31.4,27.5,2.1,2.65
14.1,12.43,2.22,273.0,113.38,140.05,77.5,1998-02-01,14.1,14.06,15.81,33.44,26.76,2.22,2.63
13.1233333333333,11.53,2.23,265.0,114.21,138.92,84.5,1998-03-01,13.1233333333333,13.08,14.76,31.88,26.74,2.23,2.61
13.5,11.79,2.42,259.0,107.12,130.15,100.0,1998-04-01,13.5,13.39,15.32,31.18,27.35,2.42,2.54
14.0266666666667,12.79,2.14,247.0,106.1,128.92,95.0,1998-05-01,14.0266666666667,14.39,14.9,30.28,27.63,2.14,2.51
12.479,11.673,2.17,242.0,104.23,120.64,88.4,1998-06-01,12.479,12.058,13.706,30.0,27.33,2.17,2.5
12.6996666666667,11.977,2.17,238.0,100.51,118.9,86.0,1998-07-01,12.6996666666667,12.01,14.112,30.0,26.55,2.17,2.4
12.4879666666667,12.181,1.85,219.0,87.86,107.95,85.5,1998-08-01,12.4879666666667,11.8805,13.4024,26.2,26.3,1.85,2.37
13.8033333333333,13.07,2.01,216.0,86.31,107.93,83.625,1998-09-01,13.8033333333333,13.36,14.98,27.09,26.43,2.01,2.33
13.2633333333333,12.81,1.89,223.0,95.53,126.54,75.625,1998-10-01,13.2633333333333,12.56,14.42,27.1,26.08,1.89,2.17
11.88,11.76,2.103,234.0,98.12,130.21,70.7,1998-11-01,11.88,10.92,12.96,26.1,26.7,2.103,2.15
10.41,10.12,1.74,230.0,95.76,126.21,65.5,1998-12-01,10.41,9.8,11.31,26.1,26.7,1.74,2.13
11.4433333333333,10.78,1.86,221.0,97.44,125.29,64.5,1999-01-01,11.4433333333333,11.06,12.49,26.1,26.5,1.86,2.02
10.7533333333333,10.05,1.77,205.0,94.19,117.03,64.0,1999-02-01,10.7533333333333,10.2,12.01,26.1,26.38,1.77,2.01
13.1666666666667,12.37,1.79,205.0,96.18,117.34,75.5,1999-03-01,13.1666666666667,12.47,14.66,26.1,25.05,1.79,1.95
15.8666666666667,14.96,2.15,207.0,94.13,113.87,64.5,1999-04-01,15.8666666666667,15.3,17.34,26.1,25.05,2.15,1.87
16.0633333333333,15.3,2.25,199.0,92.49,113.0,64.9,1999-05-01,16.0633333333333,15.14,17.75,26.1,25.05,2.25,1.89
16.3933333333333,15.52,2.3,194.0,93.65,111.41,63.75,1999-06-01,16.3933333333333,15.77,17.89,26.1,25.25,2.3,1.91
18.9866666666667,17.88,2.31,183.0,83.99,103.02,62.75,1999-07-01,18.9866666666667,19.01,20.07,26.1,23.78,2.31,2.0
20.27,19.34,2.79,199.0,85.65,111.3,65.7,1999-08-01,20.27,20.22,21.25,26.1,23.14,2.79,2.08
22.7,21.84,2.54,207.0,86.47,113.19,67.5,1999-09-01,22.7,22.4,23.86,26.1,22.5,2.54,2.2
21.95,21.26,2.72,203.0,85.8,108.1,65.375,1999-10-01,21.95,21.95,22.64,25.6,22.5,2.72,2.47
24.1633333333333,23.05,2.36,198.0,85.43,108.8,66.0,1999-11-01,24.1633333333333,24.59,24.85,25.1,23.5,2.36,2.51
25.1,23.63,2.36,199.0,87.18,102.16,66.8333333333333,1999-12-01,25.1,25.59,26.08,25.1,22.58,2.36,2.66
25.31,23.28,2.42,208.0,93.29,105.83,77.4,2000-01-01,25.31,25.38,27.27,25.1,22.78,2.42,3.36
27.2209666666667,24.6771,2.65,214.0,95.15,107.93,90.125,2000-02-01,27.2209666666667,27.7048,29.281,25.1,23.62,2.65,3.46
27.49,25.08,2.79,221.0,95.05,105.7,88.75,2000-03-01,27.49,27.47,29.92,25.1,24.4,2.79,3.51
23.47,22.03,3.03,229.0,95.2,105.11,83.25,2000-04-01,23.47,22.54,25.84,25.1,24.94,3.03,3.68
27.1866666666667,25.39,3.58,229.0,96.35,112.14,91.0,2000-05-01,27.1866666666667,27.34,28.83,25.6,26.05,3.58,3.55
29.6207666666667,27.3241,4.28,211.0,84.33,113.51,105.125,2000-06-01,29.6207666666667,29.6773,31.8609,25.6,27.0,4.28,3.6
28.1766666666667,26.0271,3.96,197.0,75.27,108.98,121.7,2000-07-01,28.1766666666667,28.53,29.9729,25.6,27.0,3.96,3.96
29.2629,27.0504,4.41,198.0,75.58,108.36,133.375,2000-08-01,29.2629,29.43,31.3083,25.6,27.0,4.41,4.01
32.0828333333333,29.7415,5.06,209.0,80.43,117.49,113.875,2000-09-01,32.0828333333333,32.621,33.886,27.15,27.0,5.06,4.03
31.4001666666667,30.2223,5.02,203.0,85.03,128.18,111.1,2000-10-01,31.4001666666667,30.9323,33.0459,27.15,28.18,5.02,4.31
32.331,30.1009090909091,5.55,206.0,89.17,127.73,99.375,2000-11-01,32.331,32.5240909090909,34.368,27.15,26.17,5.55,4.39
25.2046666666667,22.086,8.95,217.0,97.56,128.09,96.0,2000-12-01,25.2046666666667,25.1255,28.4025,30.75,34.7,8.95,4.44
25.9572727272727,22.6854545454545,8.17,210.0,95.15,132.84,121.0,2001-01-01,25.9572727272727,25.6363636363636,29.55,32.1,34.95,8.17,4.65
27.2388333333333,24.742,5.63,200.0,91.97,128.11,105.25,2001-02-01,27.2388333333333,27.406,29.5685,32.1,34.35,5.63,4.59
25.0225757575758,23.4336363636364,5.16,195.0,90.25,130.2,98.875,2001-03-01,25.0225757575758,24.3954545454545,27.2386363636364,32.6,35.5,5.16,4.57
25.718,24.0925,5.17,186.0,87.99,129.67,95.3,2001-04-01,25.718,25.641,27.4205,33.5,35.53,5.17,4.48
27.5468253968254,25.58,4.21,184.0,84.09,134.86,85.0,2001-05-01,27.5468253968254,28.4504761904762,28.61,33.8,34.75,4.21,4.36
26.9660317460317,25.6138095238095,3.71,188.0,83.31,127.23,87.5,2001-06-01,26.9660317460317,27.7242857142857,27.56,33.9,34.75,3.71,4.33
24.8036796536797,23.43,3.1,208.0,91.73,123.79,87.5,2001-07-01,24.8036796536797,24.5381818181818,26.4428571428571,34.0,34.35,3.1,3.75
25.8211594202899,24.3204347826087,2.95,212.0,93.14,121.92,88.75,2001-08-01,25.8211594202899,25.6978260869565,27.4452173913043,33.8,34.15,2.95,3.79
25.2076666666667,23.964,2.15,202.0,90.08,122.03,94.5,2001-09-01,25.2076666666667,25.544,26.115,32.8,33.06,2.15,3.79
20.731884057971,19.5417391304348,2.45,187.0,86.56,123.34,96.1,2001-10-01,20.731884057971,20.4782608695652,22.175652173913,32.4,33.03,2.45,3.52
18.6881818181818,17.5322727272727,2.36,189.0,89.54,125.27,96.5,2001-11-01,18.6881818181818,18.9422727272727,19.59,29.4,31.5,2.36,3.46
18.5197894736842,17.642,2.41,189.0,91.88,122.44,101.166666666667,2001-12-01,18.5197894736842,18.6047368421053,19.3126315789474,27.35,30.45,2.41,3.4
19.1548124098124,18.2918181818182,2.25,188.0,91.98,125.31,104.125,2002-01-01,19.1548124098124,19.485,19.687619047619,27.35,29.7,2.25,3.06
19.9752368421053,18.9110526315789,2.31,187.0,90.82,123.28,99.625,2002-02-01,19.9752368421053,20.2915,20.7231578947368,28.1,28.95,2.31,3.03
23.6406666666667,22.8545,3.03,191.0,89.61,122.54,90.25,2002-03-01,23.6406666666667,23.6905,24.377,27.8,28.35,3.03,2.97
25.4342424242424,24.4054545454545,3.42,195.0,87.13,123.72,84.7,2002-04-01,25.4342424242424,25.6540909090909,26.2431818181818,27.0875,26.83,3.42,2.81
25.6723451910408,24.5852173913043,3.49,197.0,90.27,121.46,85.5,2002-05-01,25.6723451910408,25.3872727272727,27.0445454545454,26.875,25.75,3.49,2.83
24.4880575048733,23.8277777777778,3.22,200.0,94.09,132.03,92.75,2002-06-01,24.4880575048733,24.1278947368421,25.5085,24.9,24.38,3.22,2.9
25.7547481021394,24.5726086956522,2.98,218.0,98.69,149.31,94.2,2002-07-01,25.7547481021394,25.7678260869565,26.9238095238095,23.15,22.73,2.98,2.95
26.7758008658009,25.3240909090909,3.09,227.0,108.93,161.26,105.0,2002-08-01,26.7758008658009,26.6328571428571,28.3704545454545,22.25,21.25,3.09,3.01
28.2807936507937,26.83,3.57,236.0,114.14,187.84,93.0,2002-09-01,28.2807936507937,28.342380952381,29.67,22.7,23.08,3.57,3.08
27.5268115942029,26.1808695652174,4.12,229.0,109.7,190.32,92.25,2002-10-01,27.5268115942029,27.5486956521739,28.8508695652174,24.5,27.35,4.12,3.28
24.5424812030075,23.1595238095238,4.04,243.0,108.93,177.38,92.25,2002-11-01,24.5424812030075,24.1847619047619,26.2831578947368,24.5,26.98,4.04,3.34
27.8869841269841,25.7042857142857,4.74,241.0,106.96,162.48,99.375,2002-12-01,27.8869841269841,28.5209523809524,29.4357142857143,24.5,26.94,4.74,3.36
30.7503174603175,28.0547619047619,5.405869,244.0,106.1361,149.608,112.0,2003-01-01,30.7503174603175,31.2466666666667,32.9495238095238,24.9,27.4625,5.405869,3.61
32.8833771929825,30.199,7.773684,243.0,105.8507,150.8382,132.125,2003-02-01,32.8833771929825,32.6485,35.8026315789474,25.15,27.0,7.773684,3.67
30.3592063492063,27.4228571428571,5.946857,241.0,105.6047,141.8087,138.9,2003-03-01,30.3592063492063,30.3390476190476,33.3157142857143,24.4,25.75,5.946857,3.74
25.5559682539683,23.4304761904762,5.289318,251.0,105.457,138.6155,118.625,2003-04-01,25.5559682539683,25.016,28.2214285714286,23.45,23.825,5.289318,4.03
26.0649126984127,24.2528571428571,5.838044,250.0,107.4943,141.9618,128.125,2003-05-01,26.0649126984127,25.8095,28.1323809523809,23.3,23.65,5.838044,4.04
27.9171428571429,25.4957142857143,5.771905,239.0,107.327,131.3528,133.9,2003-06-01,27.9171428571429,27.5457142857143,30.71,24.1,26.75,5.771905,4.05
28.5915876152833,26.6269565217391,5.005,230.0,96.80591,131.6174,142.75,2003-07-01,28.5915876152833,28.3982608695652,30.7495454545455,24.35,29.5,5.005,4.04
29.6755555555556,27.6171428571429,4.970714,237.0,100.6591,148.7172,141.5,2003-08-01,29.6755555555556,29.8257142857143,31.5838095238095,25.325,30.1875,4.970714,3.98
26.8823304473304,25.265,4.612727,264.0,104.0791,145.623,146.8,2003-09-01,26.8823304473304,27.0981818181818,28.2838095238095,26.7,34.1375,4.612727,3.97
29.0144927536232,27.1313043478261,4.635652,310.0,105.3881,147.4558,150.625,2003-10-01,29.0144927536232,29.5904347826087,30.3217391304348,27.5,36.6875,4.635652,3.88
29.1227407407407,27.504,4.5275,327.0,108.4834,160.5453,153.5,2003-11-01,29.1227407407407,28.772,31.0922222222222,29.9125,39.1875,4.5275,3.9
29.9692063492063,27.857619047619,6.126522,332.0,111.1555,165.5735,159.375,2003-12-01,29.9692063492063,29.9266666666667,32.1233333333333,34.0,38.6875,6.126522,3.97
31.3677192982456,28.6847619047619,6.09477272727273,350.0,115.520475,166.327138710529,160.25,2004-01-01,31.3677192982456,31.1752380952381,34.2431578947368,37.75,41.25,6.09477272727273,3.87
31.3313333333333,28.398,5.3795,368.0,123.541705,161.3914671875,134.5,2004-02-01,31.3313333333333,30.866,34.73,41.75,42.25,5.3795,3.89
33.6650724637681,30.4647826086957,5.39686956521739,413.0,127.84758,166.279804218,130.5,2004-03-01,33.6650724637681,33.7991304347826,36.7313043478261,48.9375,42.5,5.39686956521739,3.86
33.7113924963925,31.0666666666667,5.71652173913043,358.0,133.496888,166.584426739286,128.375,2004-04-01,33.7113924963925,33.3622727272727,36.7052380952381,53.25,47.25,5.71652173913043,3.92
37.5578989139515,34.472380952381,6.33595238095238,316.0,128.216655,163.73438647875,135.9,2004-05-01,37.5578989139515,37.9163157894737,40.285,56.4375,52.5625,6.33595238095238,3.95
35.5427417027417,33.4059090909091,6.27159090909091,295.0,123.32026,154.743341657143,158.25,2004-06-01,35.5427417027417,35.1913636363636,38.0309523809524,59.55,62.55,6.27159090909091,4.01
37.8919985569986,34.4836363636364,5.92863636363636,279.0,104.846826,150.600930289286,185.0,2004-07-01,37.8919985569986,38.3704545454545,40.8219047619048,61.375,68.5,5.92863636363636,4.28
42.0840692640693,38.2985714285714,5.39568181818182,265.0,104.054545,141.294808497429,196.2,2004-08-01,42.0840692640693,43.03,44.9236363636364,59.25,63.625,5.39568181818182,4.34
41.5968253968254,35.4786363636364,5.13886363636364,260.0,97.868848,151.034855535,218.125,2004-09-01,41.5968253968254,43.3813636363636,45.9304761904762,55.375,61.0,5.13886363636364,4.41
46.8811111111111,37.5790476190476,6.41166666666667,249.0,93.79426,150.146008660714,242.125,2004-10-01,46.8811111111111,49.8180952380952,53.2461904761905,56.625,59.6875,6.41166666666667,4.83
42.1255454545455,34.8765,6.08704545454546,260.0,93.74505,156.568668376235,224.5,2004-11-01,42.1255454545455,43.0536363636364,48.4465,52.825,60.75,6.08704545454546,4.96
39.0449444444444,34.2615,6.58130434782609,265.0,95.388664,153.8743247,185.25,2004-12-01,39.0449444444444,39.6442857142857,43.2290476190476,52.25,54.2875,6.58130434782609,5.01
42.9722777777778,37.8135,6.15452380952381,261.5,96.25476,153.59313355875,184.6,2005-01-01,42.9722777777778,44.2833333333333,46.82,53.045,51.4175,6.15452380952381,5.46
44.8182105263158,40.935,6.14475,261.0,94.13873,151.168679848895,185.75,2005-02-01,44.8182105263158,45.557,47.9626315789474,49.8975,46.625,6.14475,5.49
50.9428787878788,45.5763636363636,6.96804347826087,290.0,99.876616,150.985863975,217.125,2005-03-01,50.9428787878788,53.0840909090909,54.1681818181818,50.925,45.3,6.96804347826087,5.52
50.6404761904762,47.1014285714286,7.15261904761905,283.0,96.279365,140.876980478571,242.125,2005-04-01,50.6404761904762,51.8571428571429,52.9628571428571,51.25,46.25,7.15261904761905,5.86
47.8265728715729,45.0,6.46931818181818,283.0,95.41819,143.330057875714,256.0,2005-05-01,47.8265728715729,48.6659090909091,49.8138095238095,51.3125,45.875,6.46931818181818,5.89
53.890303030303,50.975,7.18613636363636,306.0,97.101172,141.930776209091,217.5,2005-06-01,53.890303030303,54.3068181818182,56.3890909090909,51.0,49.125,7.18613636363636,5.91
56.3658095238095,52.852380952381,7.62619047619048,298.0,107.52385,143.869839885,221.875,2005-07-01,56.3658095238095,57.5790476190476,58.666,50.9,51.3125,7.62619047619048,6.42
61.8905204216074,56.6259090909091,9.62978260869565,274.0,101.66786,149.359024672826,208.5,2005-08-01,61.8905204216074,64.09,64.955652173913,49.125,49.5,9.62978260869565,6.56
61.6876984126984,56.5431818181818,12.8756818181818,263.0,96.35318,159.708658134375,210.375,2005-09-01,61.6876984126984,62.9818181818182,65.5380952380952,45.25,46.625,12.8756818181818,6.58
58.1850793650794,53.6695238095238,13.522619047619,257.0,101.938515,167.826712725,215.5,2005-10-01,58.1850793650794,58.5219047619048,62.3638095238095,42.4583333333333,43.25,13.522619047619,7.28
55.0428253968254,51.3104761904762,10.4309090909091,255.75,95.36898,161.116351644316,235.0,2005-11-01,55.0428253968254,55.535,58.283,38.0625,38.0833333333333,10.4309090909091,7.46
56.4296428571429,53.1271428571429,12.8275,264.0,102.140276,164.441045989286,213.875,2005-12-01,56.4296428571429,56.7475,59.4142857142857,38.225,41.0,12.8275,7.49
62.4570396825397,58.3133333333333,8.66090909090909,257.0,102.65206,167.16073370625,202.3,2006-01-01,62.4570396825397,63.5742857142857,65.4835,43.1875,44.6625,8.66090909090909,7.96
59.7049210526316,57.5765,7.48785714285714,257.0,107.13017,179.840925876316,213.875,2006-02-01,59.7049210526316,59.923,61.6152631578948,47.7,49.4,7.48785714285714,7.95
60.9292753623189,57.6452173913044,6.89891304347826,257.0,105.250348,174.43598036625,243.125,2006-03-01,60.9292753623189,62.2530434782609,62.8895652173913,49.75,54.5,6.89891304347826,7.99
67.9705750487329,64.0568421052632,7.094,258.0,107.72069,180.346054644947,247.5,2006-04-01,67.9705750487329,70.4421052631579,69.4127777777778,52.875,54.875,7.094,8.24
68.6759486166008,64.9073913043478,6.19804347826087,266.0,110.648685,193.166722285714,229.5,2006-05-01,68.6759486166008,70.1872727272727,70.9331818181818,52.6,50.4,6.19804347826087,8.28
68.2901515151515,65.0809090909091,6.19318181818182,267.0,109.403672,195.164003205,210.0,2006-06-01,68.2901515151515,68.8577272727273,70.9318181818182,52.375,52.375,6.19318181818182,8.29
72.4501336675021,69.0490476190476,6.25,271.75,113.99108,202.428613539474,205.5,2006-07-01,72.4501336675021,73.8971428571429,74.4042105263158,52.75,51.68,6.25,8.58
71.811884057971,68.7817391304348,6.995,262.0,116.588332,189.914668895455,210.5,2006-08-01,71.811884057971,73.6121739130435,73.0417391304348,50.9375,53.5875,6.995,8.71
62.121253968254,59.7728571428571,4.86238095238095,258.0,121.74554,195.9815498625,215.125,2006-09-01,62.121253968254,62.7719047619048,63.819,47.1,48.75,4.86238095238095,8.77
57.910468975469,56.5009523809524,5.9625,273.0,142.16769,212.094086582143,209.2,2006-10-01,57.910468975469,58.38,58.8504545454545,44.05,49.2125,5.9625,8.97
58.1430454545455,56.8154545454545,7.45363636363636,300.0,164.538556,209.680653671053,227.375,2006-11-01,58.1430454545455,58.4831818181818,59.1305,46.0,48.2,7.45363636363636,8.99
60.9944122807017,58.6695,6.57809523809524,297.0,160.37539,204.306287596875,251.666666666667,2006-12-01,60.9944122807017,62.3147368421053,61.999,49.75,50.6875,6.57809523809524,8.92
53.5169696969697,52.0118181818182,6.58434782608696,306.0,164.774764,196.066156997368,265.0,2007-01-01,53.5169696969697,54.2990909090909,54.24,51.2875,50.1375,6.58434782608696,8.59
57.5625,55.6805,7.9725,325.0,177.3489032,199.982258668421,299.375,2007-02-01,57.5625,57.757,59.25,52.9,51.6375,7.9725,8.56
60.5998484848485,59.0540909090909,7.12318181818182,322.0,170.5067448,199.098200442857,318.125,2007-03-01,60.5998484848485,62.1436363636364,60.6018181818182,55.38,53.475,7.12318181818182,8.37
65.0576403508772,63.838,7.58738095238095,319.75,152.74784,198.3077916102,291.0,2007-04-01,65.0576403508772,67.3984210526316,63.9365,56.12,51.36,7.58738095238095,8.0
65.1572595520422,64.5447826086957,7.61347826086957,334.0,160.22776,195.7212822,293.125,2007-05-01,65.1572595520422,67.4760869565217,63.4509090909091,56.0,50.25,7.61347826086957,7.98
68.1880952380952,65.7561904761905,7.30414285714286,361.0,165.24718,223.0391801875,291.875,2007-06-01,68.1880952380952,71.3161904761905,67.4919047619048,61.6,56.78,7.30414285714286,8.03
73.6016955266955,69.4590909090909,6.22090909090909,375.5,146.84264,238.40670983625,269.5,2007-07-01,73.6016955266955,77.2040909090909,74.1419047619048,67.31,58.06,6.22090909090909,8.13
70.1268115942029,67.205652173913,6.1954347826087,385.0,151.17312,259.727307862091,260.625,2007-08-01,70.1268115942029,70.7965217391304,72.3782608695652,69.35,60.18,6.1954347826087,8.34
76.7624385964912,73.254,6.0965,426.0,159.4404,326.544863044737,305.0,2007-09-01,76.7624385964912,77.127,79.9063157894737,68.44,62.81,6.0965,8.54
81.9672463768116,77.14,6.79804347826087,450.0,164.16456,335.146203048913,323.75,2007-10-01,81.9672463768116,82.8578260869565,85.9039130434783,74.81,73.12,6.79804347826087,9.16
91.3382611832612,86.7313636363636,7.13772727272727,489.0,171.2508,321.81330975,366.25,2007-11-01,91.3382611832612,92.5281818181818,94.7552380952381,84.6,89.75,7.13772727272727,9.47
89.5199415204678,85.7531578947368,7.1497619047619,503.99,180.2542616,368.620062313235,401.666666666667,2007-12-01,89.5199415204678,91.45,91.3566666666667,91.0,94.25,7.1497619047619,9.49
90.6899350649351,87.1736363636364,8.0,528.5,206.662316,370.6609570425,376.625,2008-01-01,90.6899350649351,91.9204545454545,92.9757142857143,91.75,100.62,8.0,10.7
93.3875906432749,89.9621052631579,8.55,574.01,220.06712,424.995659055,328.125,2008-02-01,93.3875906432749,94.8166666666667,95.384,132.0,115.0,8.55,10.84
101.842833333333,96.7785,9.40142857142857,558.86,234.357704,439.71609184875,371.0,2008-03-01,101.842833333333,103.2775,105.4725,118.25,111.0,9.40142857142857,11.04
108.758181818182,103.468636363636,10.1322727272727,549.11,246.44368,362.229247111714,462.5,2008-04-01,108.758181818182,110.187727272727,112.618181818182,123.0,108.75,10.1322727272727,12.19
122.632608946609,118.948636363636,11.2304545454545,566.12,243.4556488,328.761712716857,633.75,2008-05-01,122.632608946609,123.93619047619,125.013,133.2,120.7,11.2304545454545,12.38
131.521111111111,127.587619047619,12.6761904761905,634.85,287.110824,348.553078167857,642.0,2008-06-01,131.521111111111,133.048571428571,133.927142857143,159.75,142.38,12.6761904761905,12.63
132.825184453228,131.224782608696,11.1487826086957,637.25,265.34032,328.183604355682,733.75,2008-07-01,132.825184453228,133.873043478261,133.377727272727,180.0,167.75,11.1487826086957,14.37
114.566825396825,113.210952380952,8.25,557.28,235.02696,329.344150535526,785.0,2008-08-01,114.566825396825,113.849047619048,116.640476190476,158.4,156.9,8.25,14.64
99.6567676767677,95.9695454545455,7.6945,525.48,233.84592,295.550334192857,744.5,2008-09-01,99.6567676767677,99.0640909090909,103.936666666667,150.0,147.75,7.6945,14.85
72.6927536231884,68.6208695652174,6.7335,399.87,183.0612,237.38407758587,575.0,2008-10-01,72.6927536231884,72.8426086956522,76.6147826086957,108.0,109.7,6.7335,15.93
53.9727280701754,51.3835,6.6745,371.76,163.77088,226.8462326625,287.5,2008-11-01,53.9727280701754,53.241,57.2936842105263,92.25,89.38,6.6745,15.81
41.338924963925,40.9968181818182,5.7948,359.35,158.25936,220.1354096,240.0,2008-12-01,41.338924963925,41.5809090909091,41.4390476190476,78.65,77.25,5.7948,15.5
43.8552142857143,44.9671428571429,5.2414,400.92,172.82552,239.114267218421,273.75,2009-01-01,43.8552142857143,44.86,41.7385,79.4,76.4,5.2414,13.89
41.8436754385965,43.138,4.519,374.45,163.3772,224.68754205,281.25,2009-02-01,41.8436754385965,43.2425,39.1505263157895,75.38,69.06,4.519,11.04
46.645303030303,45.5759090909091,3.9502,372.75,164.55824,230.981732721,268.5,2009-03-01,46.645303030303,46.8390909090909,47.5209090909091,61.0,58.56,3.9502,10.9
50.2780952380952,50.18,3.4998,387.55,168.49504,233.473128516857,245.625,2009-04-01,50.2780952380952,50.8452380952381,49.8090476190476,63.56,62.88,3.4998,8.51
58.1538888888889,57.3957142857143,3.81,425.72,179.91176,261.48173459625,236.25,2009-05-01,58.1538888888889,57.9409523809524,59.125,64.5,58.03,3.81,8.09
69.149696969697,69.2109090909091,3.8043,442.09,179.51808,256.644931490795,239.7,2009-06-01,69.149696969697,68.6168181818182,69.6213636363637,71.38,60.2,3.8043,7.95
64.6666732542819,64.9695652173913,3.3902,430.61,151.5668,224.850383314773,243.75,2009-07-01,64.6666732542819,64.91,64.1204545454545,73.8,61.1,3.3902,6.67
71.6296825396825,71.3242857142857,3.1479,497.53,151.96048,210.372908097429,251.5,2009-08-01,71.6296825396825,72.5047619047619,71.06,72.5,64.25,3.1479,6.92
68.3461111111111,67.9081818181818,2.9616,425.01,150.38576,191.093329478571,232.25,2009-09-01,68.3461111111111,67.6868181818182,69.4433333333333,67.64,61.13,2.9616,7.13
74.080606060606,73.2754545454545,4.0232,430.08,167.314,198.848868396429,234.875,2009-10-01,74.080606060606,73.1940909090909,75.7722727272727,71.07,64.35,4.0232,7.6
77.5523015873016,77.6252380952381,3.6907,447.41,171.64448,211.038349341176,243.5,2009-11-01,77.5523015873016,77.0366666666667,77.995,78.8,66.44,3.6907,7.81
74.8818181818182,75.4886363636364,5.3652,449.35,164.55824,206.2514056275,262.0,2009-12-01,74.8818181818182,74.6695454545455,74.4872727272727,83.1,73.8,5.3652,8.01
77.1210877192983,76.635,5.8069,435.88,167.314,201.190932023684,266.5,2010-01-01,77.1210877192983,76.373,78.3552631578948,97.0,86.94,5.8069,8.8
74.7630155945419,73.5638888888889,5.3357,411.86,161.80248,194.0,297.5,2010-02-01,74.7630155945419,74.312,76.4131578947369,94.19,83.36,5.3357,8.8
79.2976811594203,77.3678260869565,4.2924,409.36,159.04672,191.075071754348,278.7,2010-03-01,79.2976811594203,79.2747826086956,81.2504347826087,94.375,82.9625,4.2924,8.93
84.1828571428572,83.092380952381,4.0059,402.6,157.07832,192.87,253.75,2010-04-01,84.1828571428572,84.9785714285714,84.4776190476191,100.15,88.7,4.0059,7.52
75.6183174603175,76.874,4.156,402.87,163.3772,181.605588975,234.0,2010-05-01,75.6183174603175,76.2509523809524,73.73,100.13,90.9375,4.156,7.27
74.725,73.9831818181818,4.7948,401.33,152.74784,157.672098470455,226.25,2010-06-01,74.725,74.8381818181818,75.3536363636364,98.1875,92.8125,4.7948,7.74
74.5794011544011,72.6522727272727,4.6266,427.53,163.75682,195.817690591286,259.375,2010-07-01,74.5794011544011,74.7354545454545,76.3504761904762,95.98,90.61,4.6266,8.04
75.8262698412698,74.1838095238095,4.305,449.84,175.58128,246.247224455864,263.5,2010-08-01,75.8262698412698,76.6931818181818,76.6018181818182,89.78,87.9,4.305,8.45
76.116240981241,75.2704761904762,3.9039,468.26,205.89464,271.673597547429,308.75,2010-09-01,76.116240981241,77.7868181818182,75.2914285714286,94.9,85.82,3.9039,8.28
81.7193650793651,80.3404761904762,3.4315,495.79,235.81432,270.232195864286,332.5,2010-10-01,81.7193650793651,82.9180952380952,81.8995238095238,97.45,90.99,3.4315,8.29
84.5340634920635,83.696,3.72725,514.15,238.1764,274.080760795588,365.4,2010-11-01,84.5340634920635,85.67,84.2361904761905,107.16,103.2,3.72725,8.59
90.0059617918314,89.0745454545454,4.23709523809524,545.75,250.38048,306.5201043804,380.625,2010-12-01,90.0059617918314,91.7965217391304,89.1468181818182,118.29,115.24,4.23709523809524,8.74
92.6905952380952,92.369,4.4934,567.62,264.94664,326.556567607286,378.5,2011-01-01,92.6905952380952,96.2942857142857,89.4085,132.48,122.62,4.4934,9.61
97.9141920077973,100.254444444444,4.0749,566.05,292.89792,348.1203485495,297.5,2011-02-01,97.9141920077973,103.9555,89.5326315789474,128.36,117.74,4.0749,9.36
108.645217391304,108.578260869565,3.9713,552.75,290.53584,316.746570663783,278.7,2011-03-01,108.645217391304,114.441304347826,102.916086956522,126.13,121.0,3.9713,9.37
116.243166666667,115.7,4.2424,556.58,319.27448,336.12429558105,253.75,2011-04-01,116.243166666667,123.07,109.9595,122.5,124.03,4.2424,10.36
108.068512987013,108.4645,4.30895454545455,556.8,307.85776,355.277885563636,234.0,2011-05-01,108.068512987013,114.458181818182,101.282857142857,119.12,120.46,4.30895454545455,10.3
105.845454545455,107.524545454545,4.549,556.22,310.61352,326.429929196591,478.75,2011-06-01,105.845454545455,113.757727272727,96.2540909090909,120.09,119.01,4.549,10.26
107.916611111111,109.983333333333,4.4131,556.5,300.77152,303.88392977625,483.75,2011-07-01,107.916611111111,116.46,97.3065,120.75,116.27,4.4131,10.99
100.486425120773,105.056666666667,4.0539,552.96,310.21984,327.066589526087,475.5,2011-08-01,100.486425120773,110.081304347826,86.3213043478261,120.13,118.27,4.0539,10.81
100.819350649351,106.001818181818,3.9013,531.95,295.26,315.916229076136,508.75,2011-09-01,100.819350649351,110.879090909091,85.5771428571429,123.09,115.62,3.9013,10.85
99.847753968254,103.6685,3.568,491.42,274.78864,289.010835782143,493.5,2011-10-01,99.847753968254,109.468571428571,86.4061904761905,119.39,110.88,3.568,11.42
105.405014430014,108.587619047619,3.24245,478.35,274.39496,281.0064022425,481.25,2011-11-01,105.405014430014,110.504090909091,97.1233333333333,113.78,105.47,3.24245,11.32
104.230476190476,106.218571428571,3.1642380952381,483.03,258.64776,269.0300071375,423.125,2011-12-01,104.230476190476,107.909047619048,98.5638095238095,111.56,104.19,3.1642380952381,11.53
107.074572263993,109.780526315789,2.6797,503.18,272.844845,274.89317414625,368.0,2012-01-01,107.074572263993,111.15619047619,100.287,116.46,106.26,2.6797,11.45
112.687523809524,116.14619047619,2.5192,522.96,279.458669,277.7729592825,375.0,2012-02-01,112.687523809524,119.702380952381,102.214,117.02,105.3,2.5192,11.12
117.785,122.275909090909,2.1661,547.46,280.69384,283.878254086364,393.125,2012-03-01,117.785,124.928636363636,106.150454545455,107.46,103.43,2.1661,11.97
113.6655,117.25,1.9467,583.83,274.00128,266.323921792105,494.375,2012-04-01,113.6655,120.4635,103.283,103.59,101.33,1.9467,11.42
104.086034255599,107.054545454545,2.4374,577.48,269.27712,264.358724018478,513.125,2012-05-01,104.086034255599,110.521739130435,94.6818181818182,95.83,93.77,2.4374,11.64
90.728253968254,94.2361904761905,2.4552,578.01,267.30872,276.1899195,456.875,2012-06-01,90.728253968254,95.5890476190476,82.3595238095238,87.19,85.31,2.4552,11.49
96.7541125541126,99.22,2.9455,670.19,333.05328,345.687946757143,307.5,2012-07-01,96.7541125541126,103.140909090909,87.9014285714286,88.24,87.33,2.9455,11.13
105.273636991028,108.370476190476,2.8383,684.02,331.992055652174,349.400350682609,382.5,2012-08-01,105.273636991028,113.34,94.1104347826087,91.0,89.11,2.8383,11.18
106.284964912281,110.9645,2.8415,677.32,320.8492,353.420923772368,384.375,2012-09-01,106.284964912281,113.3825,94.5078947368421,88.96,85.82,2.8415,11.08
103.407865612648,108.732727272727,3.3174,625.76,321.24288,358.195666995,349.0,2012-10-01,103.407865612648,111.97347826087,89.5173913043478,81.85,82.8,3.3174,11.58
101.174415584416,107.133333333333,3.538,584.59,321.63656,360.8228394,383.5,2012-11-01,101.174415584416,109.711818181818,86.6780952380953,85.89,85.74,3.538,11.83
101.193666666667,105.689,3.3395,591.29,308.64512,347.9625549,375.833333333333,2012-12-01,101.193666666667,109.6765,88.2155,92.88,88.84,3.3395,11.79
105.100216450216,107.582727272727,3.328,595.3,303.1336,335.4697071,380.0,2013-01-01,105.100216450216,112.973636363636,94.7442857142857,92.77,86.13,3.328,11.87
107.637435672515,111.093333333333,3.3292,610.73,302.73992,318.9350556,415.625,2013-02-01,107.637435672515,116.5195,95.2994736842105,94.94,85.13,3.3292,11.77
102.5225,105.415,3.8069,584.7,309.0388,309.7491381,395.625,2013-03-01,102.5225,109.24,92.9125,90.98,82.77,3.8069,11.87
98.8519696969697,101.661363636364,4.1669,563.88,279.90648,308.2793913,365.625,2013-04-01,98.8519696969697,102.875454545455,92.0190909090909,87.76,82.02,4.1669,12.88
99.3666334148943,100.314761904762,4.0403,498.01,295.5375444,319.669929,358.125,2013-05-01,99.3666334148943,103.026956521739,94.7581818181818,87.71,81.79,4.0403,12.29
99.7426666666667,100.3285,3.8254,524.66,298.40944,313.4235051,329.375,2013-06-01,99.7426666666667,103.11,95.7895,82.7543194620071,77.2894263354219,3.8254,11.92
105.25790513834,103.362173913043,3.6227,511.3,279.5128,304.6050243,312.5,2013-07-01,105.25790513834,107.716086956522,104.695454545455,77.2592108288309,72.6432869298096,3.6227,11.6
108.157636363636,106.962,3.4251,511.71,238.735604545455,305.3398977,310.625,2013-08-01,108.157636363636,110.964545454545,106.546363636364,76.96,72.912,3.4251,11.64
108.75773015873,108.404761904762,3.6154,560.18,207.405387,307.50777423,301.0,2013-09-01,108.75773015873,111.621428571429,106.247,77.6125,73.0975,3.6154,11.25
105.427134387352,106.302272727273,3.6739,540.85,201.725210909091,325.6867049625,296.875,2013-10-01,105.427134387352,109.478695652174,100.500434782609,79.4125,80.6475,3.6739,11.37
102.62649122807,105.85380952381,3.6174,551.32,199.13474,306.751628178947,305.0,2013-11-01,102.62649122807,108.07619047619,93.9494736842105,82.25,83.818,3.6174,11.42
105.481650793651,107.919523809524,4.2366,564.03,197.391152,291.556647203571,305.0,2013-12-01,105.481650793651,110.674,97.8514285714286,84.3375,84.615,4.2366,11.55
102.096666666667,104.01,4.7008,565.5,198.0643448,275.577525,330.0,2014-01-01,102.096666666667,107.42,94.86,81.61,82.9,4.7008,11.59
104.826666666667,104.94,5.9733,490.73,209.3235928,292.1121765,353.125,2014-02-01,104.826666666667,108.81,100.73,76.29,77.6,5.9733,11.3
104.04,104.15,4.8783,530.81,222.33078,323.7117327,327.5,2014-03-01,104.04,107.4,100.57,73.34,74.6,4.8783,10.88
104.866666666667,104.73,4.6339,516.18,222.3583376,324.8140428,260.0,2014-04-01,104.866666666667,107.79,102.08,72.82,75.06,4.6339,10.73
105.713333333333,105.6,4.5625,519.42,217.2956128,334.7348337,265.0,2014-05-01,105.713333333333,109.68,101.86,73.69,75.78,4.5625,10.2
108.373333333333,108.01,4.5692,511.14,202.3948248,306.4422078,288.75,2014-06-01,108.373333333333,111.87,105.24,71.48,74.09,4.5692,9.77
105.226666666667,105.76,4.0099,471.74,182.726572,280.3542021,305.0,2014-07-01,105.226666666667,106.98,102.94,68.75,71.44,4.0099,9.27
100.05,101.85,3.884,458.57,176.4237552,263.4521139,311.25,2014-08-01,100.05,101.92,96.38,68.94,71.19,3.884,9.14
95.85,96.99,3.917,430.17,163.0583192,243.6105321,317.5,2014-09-01,95.85,97.34,93.22,65.94,67.86,3.917,9.24
86.08,86.57,3.7719,425.81,163.121308,245.4477156,317.5,2014-10-01,86.08,87.27,84.4,63.71,65.74,3.7719,9.77
76.9933333333333,76.73,4.1003,449.9,178.7425304,258.6754368,317.5,2014-11-01,76.9933333333333,78.44,75.81,62.55,65.66,4.1003,8.9
60.7033333333333,60.52,3.4328,448.32,178.7346568,269.6985378,308.125,2014-12-01,60.7033333333333,62.33,59.26,62.44,66.14,3.4328,9.83
47.1066666666667,45.98,2.9743,433.21,174.7073104,248.3872092,305.0,2015-01-01,47.1066666666667,48.07,47.27,61.44,59.29,2.9743,9.25
54.79,55.83,2.8478,423.55,173.6955528,236.9966715,305.0,2015-02-01,54.79,57.93,50.61,69.05,63.48,2.8478,8.27
52.8266666666667,54.91,2.8006,409.79,174.2270208,230.7502476,295.5,2015-03-01,52.8266666666667,55.79,47.78,64.76,59.92,2.8006,8.27
57.5433333333333,58.8,2.5797,394.73,172.0539072,223.4015136,260.0,2015-04-01,57.5433333333333,59.39,54.44,56.24,58.95,2.5797,6.77444566674586
62.5066666666667,63.69,2.8383,388.2,166.2943688,215.3179062,265.0,2015-05-01,62.5066666666667,64.56,59.27,61.19,61.63,2.8383,6.68399731108114
61.3066666666667,61.78,2.7692,391.48,166.7195432,209.8063557,288.75,2015-06-01,61.3066666666667,62.34,59.8,58.96,60.71,2.7692,6.66672592954467
54.34,56.25,2.83,405.87,179.596816,197.3135079,283.75,2015-07-01,54.34,55.87,50.9,59.9,57.9,2.83,6.69403713465372
45.69,47.22,2.763,378.78,162.5937768,179.6765463,274.625,2015-08-01,45.69,46.99,42.86,59.14,55.02,2.763,6.34573758327927
46.28,46.15,2.6461,367.49,165.621176,172.695249,279.375,2015-09-01,46.28,47.24,45.45,57.65,51.38,2.6461,6.27869866033782
46.9566666666667,46.55,2.3152,375.95,171.388588,172.709946468,250.625,2015-10-01,46.9566666666667,48.12,46.2,54.26,50.11,2.3152,6.02695782059877
43.1133333333333,42.22,2.0775,368.0,166.1565808,177.1044894,263.625,2015-11-01,43.1133333333333,44.42,42.7,52.47,53.34,2.0775,5.5008338512307
36.5733333333333,34.77,1.9228,368.42,163.948036,189.2299005,264.0,2015-12-01,36.5733333333333,37.72,37.23,52.21,48.77,1.9228,5.0927629826203
29.78,27.0,2.2744,373.08,161.0269304,193.2717042,233.875,2016-01-01,29.78,30.8,31.54,49.02,49.09,2.2744,4.39818627540541
31.03,29.5,1.9572,373.75,159.676608,187.0252803,191.875,2016-02-01,31.03,33.2,30.39,50.27,50.33,1.9572,3.96837858928349
37.34,35.18,1.7017,380.97,159.1372664,191.067084,201.75,2016-03-01,37.34,39.07,37.77,52.21,52.57,1.7017,3.91018024309544
40.75,39.04,1.9047,395.14,164.4125784,187.392717,196.25,2016-04-01,40.75,42.25,40.96,50.69,52.35,1.9047,3.97007508978746
45.9366666666667,43.95,1.922,422.55,168.9556456,171.9603756,198.375,2016-05-01,45.9366666666667,47.13,46.73,51.31,54.24,1.922,4.32919186505527
47.6866666666667,45.83,2.5666,457.4,179.872392,173.0626857,142.625,2016-06-01,47.6866666666667,48.48,48.75,52.85,58.59,2.5666,4.75572046689423
44.1266666666667,42.62,2.7879,431.08,161.7591752,151.7513571,181.0,2016-07-01,44.1266666666667,45.07,44.69,61.24,62.39,2.7879,4.67473769134718
44.8766666666667,43.74,2.7913,412.17,150.1534888,149.1793002,186.25,2016-08-01,44.8766666666667,46.14,44.75,67.39,66.34,2.7913,4.04748993020478
45.0433333333333,43.74,2.9689,403.53,148.4252336,150.649047,187.3,2016-09-01,45.0433333333333,46.19,45.2,72.72,68.33,2.9689,4.2536141699485
49.2933333333333,48.26,2.9492,401.87,152.2596768,151.7513571,187.5,2016-10-01,49.2933333333333,49.73,49.89,94.2,83.79,2.9492,5.33681888344991
45.26,43.77,2.5009,397.76,151.803008,150.649047,205.0,2016-11-01,45.26,46.44,45.57,103.43,89.15,2.5009,5.69317950114529
52.62,51.78,3.5818,416.07,152.4486432,141.8305662,217.75,2016-12-01,52.62,54.07,52.01,88.15,80.19,3.5818,5.42350142239831
53.59,53.37,3.2608,412.0,159.9876152,153.2211039,233.75,2017-01-01,53.59,54.89,52.51,83.73,86.49,3.2608,6.14434925480129
54.3533333333333,54.17,2.8233,394.5312,162.8575424,155.0582874,191.875,2017-02-01,54.3533333333333,55.49,53.4,79.98,83.6,2.8233,6.05158364479884
50.9033333333333,51.16,2.8875,383.681592,158.9640472,154.323414,223.5,2017-03-01,50.9033333333333,51.97,49.58,80.9,79.11,2.8875,5.00094507653751
52.1633333333333,52.45,3.082,387.44,156.4405584,166.0813884,207.875,2017-04-01,52.1633333333333,52.98,51.06,83.65,78.89,3.082,5.0109139182969
49.8933333333333,50.31,3.1248,389.72,158.5900512,180.4114197,178.75,2017-05-01,49.8933333333333,50.87,48.5,74.42,74.41,3.1248,5.05843597846924
46.1666666666667,46.44,2.941,378.59,157.9326056,189.5973372,191.0,2017-06-01,46.1666666666667,46.89,45.17,81.09,79.2,2.941,4.88676678562716
47.6566666666667,47.63,2.9614,410.23,157.511368,202.4576217,181.0,2017-07-01,47.6566666666667,48.69,46.65,87.49,81.69,2.9614,5.00392083226283
49.9433333333333,50.43,2.8757,392.87,148.496096,171.2255022,192.625,2017-08-01,49.9433333333333,51.37,48.03,98.58,87.84,2.8757,5.47660118187128
52.95,53.86,2.963,393.95,147.2914352,178.5742362,219.0,2017-09-01,52.95,55.16,49.83,97.82,92.26,2.963,5.96114997199473
54.92,55.58,2.8673,396.52,148.6220736,175.6347426,252.5,2017-10-01,54.92,57.62,51.56,97.11,91.43,2.8673,6.17632034854047
59.9333333333333,60.58,2.9926,393.85,148.7047464,179.6765463,280.0,2017-11-01,59.9333333333333,62.57,56.65,96.64,91.39,2.9926,6.69459903981659
61.1866666666667,61.41,2.7583,387.15455,148.9803224,184.0857867,214.625,2017-12-01,61.1866666666667,64.21,57.94,100.81,95.48,2.7583,7.13893361413113
66.2266666666667,66.02,3.8804,389.53,155.838228,192.1693941,219.625,2018-01-01,66.2266666666667,68.99,63.67,106.45,97.48,3.8804,6.6622550131406
63.46,62.79,2.6721,416.28,163.357516,192.1693941,232.5,2018-02-01,63.46,65.42,62.17,105.95,92.68,2.6721,6.71874976650478
64.1666666666667,63.29,2.6918,430.11,171.998792,192.1693941,232.5,2018-03-01,64.1666666666667,66.45,62.76,96.66,89.5,2.6918,6.69738764035649
68.7933333333333,68.43,2.7616,439.07,175.6049008,213.8481594,230.625,2018-04-01,68.7933333333333,71.63,66.32,93.69,92.32,2.7616,6.92785820242064
73.43,73.66,2.7843,430.32,179.085032,213.8481594,221.875,2018-05-01,73.43,76.65,69.98,105.29,101.89,2.7843,7.48735405732204
71.9766666666667,73.22,2.9391,394.44,165.070024,219.3597099,224.0,2018-06-01,71.9766666666667,75.19,67.52,114.33,103.88,2.9391,7.44894284404401
72.6666666666667,72.72,2.7977,377.17,156.4602424,218.2573998,252.5,2018-07-01,72.6666666666667,74.44,70.84,119.57,106.02,2.7977,7.59883923024716
71.0833333333333,72.13,2.9591,376.77,162.373316,236.6292348,260.0,2018-08-01,71.0833333333333,73.13,67.99,117.34,98.48,2.9591,8.08490993843807
75.3633333333333,77.02,2.9975,356.87,154.8028496,212.3784126,267.5,2018-09-01,75.3633333333333,78.86,70.21,114.16,102.14,2.9975,9.5215770312076
76.7266666666667,78.96,3.2883,367.96,160.2553176,213.4807227,270.0,2018-10-01,76.7266666666667,80.47,70.75,108.73,100.34,3.2883,8.79096072973592
62.3166666666667,65.11,4.135,374.04,160.6883656,203.5599318,305.6,2018-11-01,62.3166666666667,65.17,56.67,100.73,91.58,4.135,8.26507901291447
53.96,56.47,3.9542,380.53,167.4399776,211.2761025,276.67,2018-12-01,53.96,56.46,48.95,101.37,95.41,3.9542,7.9762423800888
56.5833333333333,58.96,3.0795,381.96,166.743164,209.8063557,260.0,2019-01-01,56.5833333333333,59.27,51.52,98.56,91.29,3.0795,7.26234323345276
61.1333333333333,64.32,2.7171,380.33,169.5225448,218.9922732,250.63,2019-02-01,61.1333333333333,64.13,54.95,95.42,84.16,2.7171,6.00579712219701
63.7866666666667,66.8,2.935,369.53,166.2235064,205.764552,247.5,2019-03-01,63.7866666666667,66.41,58.15,93.12,78.81,2.935,5.17873567412962
68.5766666666667,70.66,2.646,359.84,161.487536,199.5181281,247.5,2019-04-01,68.5766666666667,71.2,63.87,86.77,72.49,2.646,4.92218081968463
66.8333333333333,69.13,2.6279,339.81,171.0815176,199.5181281,247.5,2019-05-01,66.8333333333333,70.53,60.84,82.32,68.93,2.6279,4.34105529405496
59.76,61.3,2.3965,358.95,195.0802504,206.1319887,247.5,2019-06-01,59.76,63.3,54.68,72.49,62.94,2.3965,3.58800651227246
61.4766666666667,62.91,2.36,369.58,189.419132,196.2111978,263.5,2019-07-01,61.4766666666667,64.0,57.52,72.08,65.79,2.36,3.62037140560865
57.67,58.92,2.2243,360.93,163.5858504,181.1462931,262.5,2019-08-01,57.67,59.25,54.84,65.55,60.43,2.2243,3.67677516040554
60.04,60.84,2.58,366.07,157.2594128,189.5973372,237.75,2019-09-01,60.04,62.33,56.95,65.95,61.37,2.58,4.20525568494184
57.2733333333333,58.47,2.3313,381.65,167.1486544,199.5181281,237.0,2019-10-01,57.2733333333333,59.37,53.98,69.2,67.44,2.3313,5.05721785787313
60.4033333333333,61.41,2.6505,375.51,166.3337368,203.1924951,224.5,2019-11-01,60.4033333333333,62.74,57.06,66.99,73.62,2.6505,5.15000421730735
63.3533333333333,64.41,2.2425,383.2,166.9557512,210.9086658,217.5,2019-12-01,63.3533333333333,65.85,59.8,66.18,76.03,2.2425,4.62047221238545
61.6266666666667,63.76,2.0305,387.23,171.7862048,224.5038237,215.4,2020-01-01,61.6266666666667,63.6,57.52,69.66,82.09,2.0305,3.63338434726692
53.3466666666667,54.51,1.9158,375.63,168.711564,215.3179062,214.38,2020-02-01,53.3466666666667,55.0,50.53,67.64,79.99,1.9158,2.90777364105976
32.2033333333333,33.75,1.7927,372.61,162.4205576,209.0714823,231.13,2020-03-01,32.2033333333333,32.98,29.88,66.74,67.89,1.7927,2.71886838174516
21.0433333333333,23.27,1.7386,361.26,146.9095656,218.9922732,235.0,2020-04-01,21.0433333333333,23.34,16.52,58.55,56.58,1.7386,2.12031866732303
30.38,31.56,1.7525,359.17,143.9057872,205.764552,201.9,2020-05-01,30.38,31.02,28.56,52.49,57.42,1.7525,1.57516497791872
39.4566666666667,40.14,1.6128,369.58,147.9882488,198.415818,202.0,2020-06-01,39.4566666666667,39.93,38.3,52.21,56.81,1.6128,1.75217111217728
42.0666666666667,42.64,1.7352,381.07,152.5549368,,214.4,2020-07-01,42.0666666666667,42.81,40.75,51.56,56.6,1.7352,1.80103549646528
43.4433333333333,43.71,2.3017,384.552362924282,149.342508,,249.5,2020-08-01,43.4433333333333,44.26,42.36,50.14,57.38,2.3017,2.86189667672567
40.5966666666667,41.1,1.9186,423.41,166.0817816,,250.5,2020-09-01,40.5966666666667,41.09,39.6,54.6,57.47,1.9186,3.95213946267042
39.9,39.7,2.2473,454.25,186.7460448,,245.0,2020-10-01,39.9,40.47,39.53,58.4,61.04,2.2473,4.88959040815994
42.3033333333333,42.58,2.5881,499.98,190.3757744,,245.0,2020-11-01,42.3033333333333,43.23,41.1,64.4,69.43,2.5881,4.83583900516242
48.7266666666667,49.26,2.5387,510.935737051793,198.769032,,245.0,2020-12-01,48.7266666666667,49.87,47.05,83.03,85.18,2.5387,5.85610629604249
53.6033333333333,54.16,2.6655,576.3,234.4679501472,,265.0,2021-01-01,53.6033333333333,54.55,52.1,86.83,86.85,2.6655,7.26830174930198
60.4633333333333,60.37,5.0651,574.8,245.2350824,,335.0,2021-02-01,60.4633333333333,61.96,59.06,86.74,82.76,5.0651,6.15850716651655
